string,label
ライオンズガーデン明大前,1
ヴィークグラン世田谷千歳船橋,1
20帖の広々リビング,0
経堂グランドヒルズ,1
セイガステージ世田谷若林,1
リノベ済み,0
スターロワイヤル中野ＪＰ,1
中野Life,1
スターロワイヤル中野ＪＰ,1
駅徒歩5分,0
自慢のＬＤＫ,0
ルーフバルコニー,1
中野の住みたい街,0
ペットと住まう,0
イニシアイオ東中野,1
10階3方向角部屋,0
藤和シティホームズ中野南台,1
弊社売主物件,0
いつでもご見学可能,0
モナーク野方,1
中野住研コーポ,1
年末年始は家族で家を見に行こう,0
中野駅徒歩１０分のドッグラン,0
新中野マンション,1
管理人さん２４時間常駐管理,0
角部屋,0
新中野駅徒歩2分,0
中野駅徒歩10分,0
南西角部屋,0
ペット飼育可,0
新中野マンション,1
弊社売主物件,0
いつでもご見学可能,0
ウィンドシティ中野,1
いつでもご見学可能です,0
レーベンハイム大塚参番館,1
ユニーブル南池袋,1
8路線利用で通勤,0
休日はご近所で楽々お買い物,0
いつでもご見学可能,0
セザール大塚ガーデン,1
いつでもご見学可能,0
サンサーラ池袋,1
パークシティ浜田山Ａ棟,1
オーベル鶴見中央,1
グレーシア板橋,1
専用庭３５．３５m＋テラス１８．７２mが享受される喜び,0
ルフォン板橋大山,1
Brilliaときわ台ソライエレジデンス,1
ベリスタ板橋浮間舟渡,1
裏手にスーパー建設中,0
設備充実の都市型分譲マンション～,0
アーベントハイム板橋本町,1
ペット可,0
フルリフォーム済,0
南向き,0
新耐震基準,0
レヴィーガときわ台,1
東武東上線「ときわ台駅」2分のデザイナーズマンション,0
南角部屋,0
ダイアパレス成増II,1
リノベーション,0
角部屋,0
家具付,0
対面キッチン,0
３路線２駅利用可,0
ライオンズプラザ北綾瀬,1
５階部分で眺望良好,0
ライオンズマンション西新井本町,1
南向きテラスのある空間,0
６４m超の３ＬＤＫ,0
陽当たりが良く、虫が来ない高層階,0
リフォーム済,0
グリーンパーク第５綾瀬,1
ＧＲＥＥＮ,1
ＰＡＲＫ,1
花畑V,1
生活施設が充実,0
角部屋,0
二面バルコニー付～,0
ボナハイツ中川Ａ棟,1
シャリエ練馬高野台,1
コンファーレ上石神井,1
41平米超ルーフバルコニーからの大パノラマ～,0
22帖超のリビングで快適な毎日を,0
ルネアクアパークス,1
パークフロントB棟,1
◆12月26日価格変更,0
インテリックスグループの保証付リノベーション物件,0
氷川台ハイム,1
ペットと暮らす１階リノベルーム販売開始,0
住友林業の,0
1棟まるごと,0
リノベ,0
フォレスティア一之江,1
シャトー松島,1
JR総武線「新小岩」駅南口まで徒歩10分,0
南西向き角住戸♪,0
ブランズ亀有,1
ブランズ亀有,1
すぐ見れます,0
亀有４分,0
平成２５年築,0
リノベーション済,0
保証付き,0
ＲＥＸＩＯ金町,1
開放的な約２２坪空間を充実の陽当たりで,0
レーベンリヴァーレ,1
リバー・スイート,1
10階部分につき眺望良好,0
クリオ横浜大口参番館,1
花火と夜景を楽しむ１９階角部屋,0
１月中旬リノベーション完了予定,0
ご内覧予約受付中,0
■12/17新価格,0
ダイアパレス立川,1
月々132,0
308円,0
ボーナス0円～で可能,0
ゼファー立川ハウスオブエデン,1
開放感のある南西角部屋,0
広々ルーフバルコニー付,0
12/20,0
新・価・格,0
ソレアードホームズ立川,1
月々87，233円,0
で購入可能です,0
立川高松町パークホームズ,1
緑の風吹き抜ける多摩川の自然と暮らす,0
レガリア,1
２階,0
12/19,0
新・価・格,0
センチュリー立川、月々86，968円,1
ボーナス0円,0
で購入可能です,0
小金井ビューハイツ,1
家具付き販売,0
光・風・緑に育まれた低層マンション,0
アルスつくし野デュープレックスＢ棟,1
ライオンズマンション町田シティ,1
セザールパークサイド町田,1
カリフォルニア工務店エディション,1
フルリノベーション物件,0
南町田パークホームズ,1
シーアハイツ町田I棟８５m３LDKフルリノベーション済,1
LDKは１８．５帖,0
南町田パークホームズ,1
駅徒歩１４分のマンション,0
リーデンスフォート横浜,1
リーデンスフォート横浜,1
ザ・ガーデンハウス武蔵野,1
239戸,0
色褪せない『Big Community』の魅力,0
リノベーション,0
セイガステージひばりが丘,1
『ひばりが丘』駅徒歩8分,0
グランデ７００,1
田無駅徒歩7分,0
新規内装リノヴェーションマンション,0
ライオンズマンション田無,1
かえる,0
くらし,0
すまい,0
新規リノヴェーションマンション,0
リーベスト田無,1
下階への生活音を気にしなくても大丈夫です,0
デュオ・スカーラ麹町,1
デュオ・スカーラ麹町,1
ライオンズマンション一番町,1
新価格,0
新規内装,0
南向き 「半蔵門」駅徒歩２分,0
ライオンズマンション一番町,1
ライオンズマンション一番町,1
年末年始は家族で家を見に行こう,0
エミネンス浅間町,1
ライオンズマンション横浜第５,1
プラウドタワー千代田富士見,1
タワーマンション１０階部分のお部屋,0
プレミスト麹町,1
駅から徒歩2分の好立地,0
交通アクセス良好,0
ザ・パークハウスアーバンス千代田御茶ノ水,1
大京穴吹不動産のおすすめ仲介物件,0
ザ・パークハウスアーバンス千代田御茶ノ水,1
朝日九段マンション,1
朝日九段マンション,1
九段下駅1分,0
北西角,0
内覧可能,0
ロワール横濱レムナンツ,1
ヨコハマタワーリングスクエア,1
ドルチェ京橋壱番館,1
東京ビュック中銀,1
メゾン・ド・ヴィレ日本橋浜町,1
月島ハイツ,1
ホーユウパレス根岸,1
『ＴＲＵＳＴ－ＲＥＮＯ』,1
優雅で心地よい上質空間を,0
月島ハイツ,1
都営大江戸線「勝どき」駅徒歩３分,0
リバーサイドで陽当たり良好,0
月島ハイツ,1
月島ハイツ,1
１ＬＤＫ,0
勝どき駅徒歩３分,0
新規内装,0
８階南西,0
月島ハイツ,1
ウェルシャン築地,1
ウェルシャン築地,1
ウェルシャン築地,1
室内写真豊富,0
ウェルシャン築地,1
横浜山手マンション,0
リーベスト本牧三渓園,1
グレーシア勝どき,1
中銀東京日本橋マンシオン,1
中銀東京日本橋マンシオン,1
「八丁堀駅」歩6分,0
角部屋,0
5階,0
リフォーム,0
中銀東京日本橋マンシオン,1
◆中銀東京日本橋マンシオン,1
501号室,0
角部屋で２面採光通風良好,0
東京駅徒歩圏内,0
クレール八重洲通り,1
パークホームズ横濱山下公園,1
メインステージ日本橋人形町,1
プレール日本橋三越前,1
小伝馬町２分,0
ペット可,0
築浅リノベ,0
プレール日本橋三越前,1
秀和築地レジデンス,1
リビオ日本橋人形町,1
晴海テラス,1
晴海テラス,1
セントラル東銀座,1
ファミール月島グランスイートタワー,1
ライオンズマンション勝どき,1
南東×南西角住戸,0
日本橋三越前アムフラット壱番館,1
藤和シティホームズ日本橋イースト,1
晴海テラス,1
ザ・晴海レジデンス,1
アルス勝どきコモーネ,1
ご成約特典,0
２ＬＤＫ,0
最上階,0
勝どき駅徒歩４分,0
アルス勝どきコモーネ,1
アルス勝どきコモーネ,1
アルス勝どきコモーネ,1
勝どき駅徒歩４分,0
最上階,0
ペット飼育可,0
1月3日と4日にOPEN,0
ROOM,0
ティープエンテ,1
クレストシティレジデンス,1
グランテム本牧,1
グランテム本牧,1
ＤＥＵＸ,1
ＴＯＵＲＳ,1
ＣＡＮＡＬ＆ＳＰＡ,1
カルムインフォアームズ東京コア,1
ブリシア東京八丁堀,1
ウィルローズ築地,1
THE,1
パームス月島ルナガーデン,1
THEパームス月島ルナガーデン,1
南永田団地１－５号棟,0
弘明寺ヒルトップハウス,1
サンウッド東京茅場町パークフロント,1
サンウッド東京茅場町パークフロント,1
4駅6路線利用可,0
サンウッド東京茅場町パークフロント,1
平成２７年４月築,0
４駅６路線利用可,0
サンウッド東京茅場町パークフロント,1
プレサンスロジェ八丁堀,1
サンウッド東京茅場町パークフロント,1
日神パレステージ弘明寺,1
横浜ダイカンプラザスポーツメント,1
KACHIDOKI,1
THE,1
TOWER,1
勝どき,1
ザ・タワー,1
ザ・パークハウス晴海タワーズクロノレジデンス,1
下記関連リンクより動画がご覧頂けます,0
パークホームズ築地グリーンサイド,1
ザ・晴海レジデンス,1
ＰＣ版の下記関連リンクより,0
パノラマ動画で室内がご覧になれます,0
ザ・クレストタワー,1
ザ・パームス月島ルナガーデン,1
ＤＥＵＸ,1
ＴＯＵＲＳ,1
ドゥ・トゥール,1
４６階部分,0
東京スカイツリーが望めます～,0
DEUX,1
TOURS,1
勝どきビュータワー,1
日本橋浜町公園グランドハイツ弐番館,1
日本橋浜町公園グランドハイツ弐番館,1
ナイスアーバンプラザ横浜蒔田,1
ファミール月島グランスイートタワー,1
ファミール月島グランスイートタワー,1
中古マンション,0
４９階南向き,0
センチュリーパークタワー,1
９５．０９m,0
センチュリーパークタワー,1
センチュリーパークタワー,1
ザ・東京タワーズ,1
ミッドタワー,1
THE,1
TOKYO,1
TOWERS,1
MID,1
TOWER,1
47階,0
シティコープ横浜阪東橋,1
１０階部分,0
ブルーライン利用で多方面へアクセス,0
シティコープ横浜阪東橋,1
カルム第2赤坂,1
日神パレステージ西麻布,1
ライオンズマンション白金第2,1
藤ビル,1
8階の三方角部屋,0
駅１分,0
リノベ済,0
ミリオンタワー虎ノ門,1
マリンシティダイヤモンドパレス,1
ライオンズマンション狩場A棟,1
保土ヶ谷グリーンタウン,1
シェトワ白金台,1
永谷ヒルプラザ六本木,1
朝日南麻布マンション,1
朝日南麻布マンション,1
南向きよりあなた向き,0
永谷ヒルプラザ六本木,1
フルリノベーション,0
永谷ヒルプラザ六本木,1
無休,0
早朝・深夜の内覧可,0
西麻布アネックス,1
西麻布アネックス,1
西麻布アネックス,1
日比谷線「広尾」駅徒歩６分,0
事務所利用可能♪即日入居可！,0
成約特典,0
西麻布アネックス１ＬＤＫ広尾駅徒歩６分,1
リノベ済,0
事務所利用可,0
西麻布アネックス,1
アーバンハイツ保土ヶ谷,1
グランシティ保土ヶ谷,1
ネオハイツ田町,1
三田綱町ハイツ,1
ネオハイツ田町,1
最上階,0
南東向き,0
角部屋,0
内装リノベ,0
マノア六本木,1
新規内装フルリノベーション済み,0
シャンボール白金,1
シャンボール白金,1
予約内覧会開催,0
大京穴吹不動産のおすすめ仲介マンション,0
パークシティ横濱,1
パークシティ横濱Ｄ棟,1
ミソラシア横浜桜ヶ丘,1
中銀南青山マンシオン,1
白金台ハウス,1
白金台ハウス,1
JR「目黒」駅利用可能な便利な立地,0
グランドメゾン南麻布,1
グランドメゾン南麻布,1
新価格,0
８階角部屋,0
日当り、眺望良好,0
ペット可,0
グランドメゾン南麻布,1
東京タワービューの角部屋,0
グランドメゾン南麻布,1
森が丘スカイハイツ,1
エクサージュ海岸,1
シャンボール三田,1
ペット可,0
大規模修繕,0
耐震補強工事実施済み,0
アンバサダー六本木,1
エスリード芝浦ベイサイド,1
シティタワー高輪,1
南青山パ－クマンション,1
ペット可,0
充実のリノベ－ションマンション新規家具付き,0
シティ麻布,1
コーヅ白金台「白金台駅」歩1分,1
目黒通りから入った立地,0
コーヅ白金台,1
三方角部屋,0
駅１分,0
新耐震基準,0
リノベ済,0
コーヅ白金台,1
無休,0
早朝・深夜の内覧可,0
コーヅ白金台,1
２ＬＤＫ,0
新価格,0
新耐震基準物件,0
リノベ済み,0
ＪＲ目黒駅徒歩圏,0
レイディアント上大岡サウスガーデン,1
レイディアント上大岡サウスガーデン,1
コーラル根岸,1
プリシード磯子,1
ディアクオーレ乃木坂,1
赤坂リキマンション,1
赤坂リキマンション,1
実質最上階で東南角部屋,0
LDK18帖,0
年末年始キャンペーン開催中,0
最上階,0
東南の角部屋,0
上質の赤坂フルリノベーション,1
赤坂リキマンション,1
エルフィーノ横濱根岸,1
パークホームズ南麻布ザレジデンス,1
マンションフロイント麻布,1
シティタワー品川,1
アロバール南青山,1
アロバール南青山,1
マンションフロイント麻布,1
ペット飼育可,0
西麻布フォレストプラザ,1
クレストプライムタワー芝,1
西麻布フォレストプラザ,1
西麻布フォレストプラザ,1
西麻布フォレストプラザ,1
芝浦アイランドグローヴタワー,1
さざなみ団地第1住宅11号棟,1
エステ・シティ湘南六浦弐番館,1
パルテール白金,1
フェイバリッチタワー品川,1
パルテール白金,1
２階,0
３LDK,0
パルテール白金,1
白金高輪駅,1
歩7分,0
内装リノベ,0
ペット可,0
パルテール白金,1
ツインミューズ富岡,1
ハイテラス金沢文庫,1
富岡ヒルズ,1
ハイテラス金沢文庫,1
TOKYO,1
SEA,1
SOUTH,1
ブランファーレ,1
パークタワー品川ベイワード,1
私は、品川のタワーマンションに住んでいます,0
パークタワー品川ベイワード,1
パークタワー品川ベイワード,1
パークタワー品川ベイワード,1
シャンボール妙蓮寺,1
第一チェリーハイツ,1
ＴＲＵＳＴ,1
ＲＥＮＯ,1
優雅で心地よい上質空間を,0
チュリス氷川坂,1
南青山マスターズハウス,1
藤和白金台コープ,1
最上１１階部分,0
陽当たり・眺望良好！,0
チュリス氷川坂,1
１ＬＤＫ,0
ヴィンテージ物件,1
新内装,0
角部屋,0
赤坂,0
チュリス氷川坂,1
フルリノベ・売主物件,0
最上階で陽当り良好,0
クイーンハイツ大倉山,1
南麻布ロイヤルハイツ,1
南麻布ロイヤルハイツ,1
南麻布ロイヤルハイツ,1
カテリーナ三田タワースイートイーストアーク,1
カテリーナ三田タワースイート,1
イーストアーク,1
コスモ綱島台第2棟,1
グローバルフロントタワー,1
グローバルフロントタワー,1
ＴＨＥ,1
ＴＯＷＥＲＳ,1
ＤＡＩＢＡ,1
パークナード南麻布,1
パークナード南麻布,1
パークナード南麻布,1
大京穴吹不動産のおすすめ仲介物,0
パークナード南麻布,1
大倉山フラット,1
ソフィア高輪,1
ソフィア高輪,1
パークコート麻布十番ザタワー,1
ソフィア高輪,1
クレストプライムタワー芝,1
グランドメゾン白金レジデンス,1
オーナーチェンジ,1
積水ハウス施工,1
エンゼルハイム大倉山第３,1
エンゼルハイム大倉山第３,1
エンゼルハイム大倉山第３,1
クオス妙蓮寺I,1
平成２６年２月築のマンションで東横線ライフを満喫出来ますね♪,0
最上階,0
コスモポリス品川,1
ワールドシティタワーズ,1
アクアタワー,1
エルズ新横浜,1
エルズ新横浜,1
エルズ新横浜,1
エルズ新横浜４階,1
東南角部屋の家具付き４ＬＤＫ,0
ペット飼育可能,0
駐車場１台継承可,0
プラウド白金台三丁目,1
パークコート虎ノ門愛宕タワー,1
パークコート虎ノ門愛宕タワー,1
赤坂タワーレジデンス,1
トップオブザヒル,0
クリオ新横浜ザ・ウエスト,1
ナイスアーバン日吉フロンテージ,1
パークハウス赤坂新坂,1
ザ・ウエストミンスター六本木,1
オリンピアード麻布霞坂,1
シティタワー麻布十番,1
パークコート赤坂ザ タワー,1
THE,1
ROPPONGI,1
TOKYO,1
CLUB,1
RESIDENCE,1
ザ六本木東京クラブレジデンス,1
芝浦アイランドグローヴタワー,1
柏木ハイツ,1
コスモシティ市ヶ谷,1
市ヶ谷グリーンハイツ,1
大京穴吹不動産のリノベーションマンション,0
牛込ハイム,1
トーア早稲田マンション,1
新宿第一コーポ,0
スカイコート市ヶ谷,1
サンパーナ上落合,1
パークウェルツインズ西新宿サウスピア,1
サンセール新宿,1
ダイナシティ西新宿,1
4階住戸,0
レガリアレジデンス早稲田イクス,1
マンション高田馬場,1
サンパーナ上落合,1
落合マンション,1
高田馬場マンション,1
パレ・ウルー,1
ご成約特典,0
「四谷三丁目」駅徒歩５分の好立地,0
コムロンド四谷荒木町,1
ライオンズガーデン新宿,1
四谷コーエイマンション,1
年末年始は家族で家を見に行こう,0
コムロンド四谷荒木町,1
シティインデックス新宿若松町,1
パークプリエ神楽坂,1
第２市ヶ谷マンション,1
リレント新宿,1
近鉄柏木ハイツ,1
ＡＰＡガーデンズ新宿戸山公園,1
天然温泉付マンション,1
近鉄柏木ハイツ,1
駅6分,0
3駅3路線利用可,0
リノベ済,0
メゾンランジェ早稲田,1
南東角部屋,0
日当たり,0
風通し良好です,0
マートルコート新宿ガーデンハウス,1
マートルコート新宿ガーデンハウス ,1
メゾンランジェ早稲田,1
１LDK,0
南東角部屋,0
新内装,0
「早稲田」駅歩７分,0
リーベスト東戸塚,1
☆グランドハイツ落合,1
24時間365日,0
当日もご内覧可能,0
キャッスルマンション目白西,1
レックス西早稲田,1
レクセル下落合第２,1
早稲田スカイマンション,1
早稲田スカイマンション,1
３ＬＤＫ,0
新規内装,0
３方角部屋,0
神楽坂,0
徒歩圏,0
早稲田スカイマンション,1
３方角部屋,0
日当、眺望良好,0
港南台めじろ団地,1
人気の前半棟,0
野庭グリーンハイツ,1
ステキな家具に囲まれた,0
上質なリフォーム済み住戸誕生,0
戸山ハイツ,1
戸山ハイツ,1
２ＳＬＤＫ,0
ペット可,0
「西早稲田」駅徒歩５分,0
戸山ハイツ◇ペット可,1
スカイツリーや戸山公園の緑を望める快適な生活,0
11/11フルリノベーション完成,0
13階眺望良好,0
戸山ハイツ,1
オーベルアーバンツ神楽坂,1
グランベル西早稲田プレシャス,1
野庭団地608-7,1
野庭団地,1
野庭団地,1
608-7号棟,0
DOM神楽坂,1
クリオ新宿戸山壱番館,1
高田馬場ハイツ,1
内覧予約受付中,0
カーサ第二新宿＝,1
セレビア新宿御苑前,1
コンドミニアム港南台,1
コンドミニアム港南台,1
エム・ブランド新宿戸山公園,1
西戸山タワーホームズセントラルタワー,1
西戸山タワーホウムズセントラルタワー,1
24時間管理,0
セキュリティ良好,0
アイタウン・レピア,1
ローゼンハイム,1
希望ヶ丘第二コーポラスＣ棟,1
クリオ二俣川参番館,1
旭区白根8丁目マンション,1
日神パレステージ鶴ヶ峰,1
エクラン早稲田夏目坂,1
3駅3路線利用できるお住まいです,0
ベネヴィータ市ヶ谷銀杏坂,1
☆ベネヴィータ市ヶ谷銀杏坂,1
年末年始は家族で家を見に行こう,0
エクラン早稲田夏目坂,1
プレミスト神楽坂,1
ビューネ高田馬場,1
ビューネ高田馬場,1
１２階,0
なんと４方角,0
陽当り＆風通し良好です,0
ローレルコート新宿タワー,1
ローレルコート新宿タワー,1
レクセル高田馬場,1
コンシェリア西新宿タワーズウエスト,1
広めの1LDK,0
書斎付・黒川記章設計,0
THE,1
HILLS,1
市谷薬王寺,1
ライオンズ外苑の杜,1
6路線4駅利用可・平成２５年３月築・ハウスクリーニング引渡し,0
ライオンズ四谷タワーゲート,1
プラウド市ヶ谷南町ディアージュ,1
コンシェリア西新宿ＴＯＷＥＲ’Ｓ,1
ＷＥＳＴ,1
グランドメゾン新宿弁天町,1
富久クロスコンフォートタワー,1
平成27年4月築,0
53階部分,0
2LDK,0
マイキャッスル横浜白山,1
駅徒歩9分,0
最上階角部屋でプライベート感,0
解放感ある暮らし,0
本郷シャトル,1
サンテミリオン江戸川橋,1
パレス御茶ノ水2号館,1
パレス御茶ノ水2号館,1
ライオンズマンション本郷,1
クレッセント小石川植物園,1
パークハウス市谷砂土原町レフィナール,1
クレッセント十日市場,1
クレッセント十日市場 新規リフォーム♪,1
マンション小石川,1
マンション小石川,1
マンション小石川,1
大京穴吹不動産のおすすめリノベーション物件,0
マンション小石川,1
成約特典,0
小石川コーポビアネーズ,1
１ＬＤＫ,0
大規模修繕工事済,0
リノベ済,0
クレストフォルム本郷台,1
ダイアパレスワンダースケープ,1
ダイアパレスワンダースケープ,1
コスモ戸塚リベラヒルズＡ棟,1
ＴＲＵＳＴ－ＲＥＮＯ,1
優雅で心地よい上質空間を,0
ドミール千駄木,1
窪田光建ハイム湯島,1
窪田光建ハイム湯島,1
朝日動坂マンション,1
みやこガーデンローリエ館,1
みやこガーデンキャメリア館,1
A,1
plus,1
de,1
points,1
de,1
la,1
maison,1
グレーシアパーク山手台EAST弐番館,1
ライオンズマンション相鉄いずみ野,1
ミリオンガーデン小石川,1
ボヌール目白台,1
平成8年築,0
オートロック有,0
リノベ済,0
朝日千駄木マンション,1
シルバーパレス千駄木,1
ヒカリメゾン青葉台,1
すすき野第2団地8街区,1
1階,0
現在、空室,0
室内大変綺麗です♪,0
六義園マンション,1
２LDK,0
駒込駅３分,0
三方角部屋,0
２面バルコニー,0
六義園マンション,1
ヴィラージュ白山,1
アクシア文京本駒込,1
シーアイマンション本郷向丘,1
文京目白台ハイツ,1
湯島ハイタウン,1
フォレスト・ヒルズ千駄木,1
藤和シティホームズ,1
朝日白山マンション,1
シティ本郷菊坂,1
シティ本郷菊坂,1
ハイシティ文京,1
リフォーム済,0
パティオ千石,1
宝生ハイツ,1
宝生ハイツ,1
水道橋宝生ハイツ,1
駅徒歩１分,0
2面採光,0
全室6帖以上,0
宝生ハイツ,1
宝生ハイツ,1
スクワーバ見樹院,1
後楽園至近のマンション,0
レジデンシア春日安藤坂,1
クリオ文京音羽,1
サンウッド目白台,1
サンウッド目白台,1
椿山荘200m,1
閑静な住宅街,0
ブランズタワー文京小日向,1
ヒルズ目白坂,1
最上階,0
角部屋,0
全居室6帖以上,0
南東向き,0
グランシーナ目白台,1
サンウッド文京開運坂上,1
ブランズ文京小石川,1
パークハウス小石川,1
"眺望でスカイツリーがご覧になれる""7階部角住戸",0
レジェンド浅草,1
レジェンド浅草,1
☆この眺望を選んで本当に良かったと思えるお部屋を,0
ライオンズマンション日暮里第2,1
入谷松が谷マンション,1
610,0
入谷松が谷マンション,1
年末年始は家族で家を見に行こう,0
入谷松が谷マンション,1
ライオンズ蔵前レジデンス,1
ライオンズマンション浅草三社,1
ライオンズマンション浅草三社,1
ライオンズマンション浅草三社,1
駅5分,0
眺望良好な5階の東南向き住戸,0
☆おひさまも良くあたり,0
お部屋からの眺めがステキな物件です,0
エクレール入谷,1
ご成約特典,0
三ノ輪駅徒歩6分,1
3方角部屋,0
陽当り・眺望・風通良好,0
エクレール入谷,1
浅草コーポ,1
3方角部屋,0
3面バルコニー,0
南向きよりあなた向き,0
ダイカンプラザ上野II号館,1
『上野駅』徒歩８分,0
ダイカンプラザ上野２号館,1
新規内装,0
新耐震,0
「上野」駅徒歩８分,0
まだ住める家から,0
住みたくなる家に,0
ダイカンプラザ上野II号館,1
ダイカンプラザ上野II号館,1
ダイカンプラザ上野2号館,1
ゴールドパレス21,1
陽当良好の南西角部屋♪,0
クリオ元浅草,1
クリオ元浅草,1
クリオ元浅草,1
クリオ元浅草,1
藤和シティコープ入谷,1
藤和シティコープ入谷,1
年末年始は家族で家を見に行こう,0
サンクレスト竜泉,1
サンクレスト竜泉,1
藤和ハイタウン上野,1
イニシア浅草,1
藤和ハイタウン上野,1
☆スパシエ上野ステーションプラザ,1
年末年始も営業中,0
スパシエ上野ステーションプラザ,1
ルフォンリブレ浅草寿,1
コートプラザ上野松が谷,1
アシェール上野北,1
アシェール上野北,1
全部屋リノベーション済み,0
素敵な家具付でそのまま住めます,0
アシェール上野北,1
アシェール上野北,1
1001,0
クリオ蔵前壱番館,1
ペットと暮らせるお部屋,0
芸術や自然の美しさに触れる街,0
シーアイマンション上野,1
アスコットパーク上野,1
南・西・北の３方向角部屋,0
アスコットパーク上野,1
ライオンズ蔵前レジデンス,1
シティハウス新御徒町ステーションコート,1
ザ・パークハウス上野池之端レジデンス,1
「浅草駅」徒歩3分,0
２５階のお部屋から見る夜景は絶景,0
浅草タワー,1
大江戸タワーレジデンス,1
ニュー両国サンハイツ,1
駅徒歩６分の好立地,0
角部屋,0
ニュー両国サンハイツ,1
１ＬＤＫ,0
新規内装,0
角部屋,0
大規模修繕済み,0
シーアイマンションあずま百樹園,1
両国ダイヤハイツ,1
東和パークハイツ墨田,1
両国ダイヤハイツ,1
年末年始は家族で家を見に行こう,0
東和パークハイツ墨田,1
両国ダイヤハイツ,1
１ＬＤＫ,0
新規内装,0
家具付き,0
「両国」駅徒歩３分,0
東和パークハイツ墨田,1
ライオンズマンション緑,1
ル・リオン八広グランドコート,1
グリーンコーポ駒形,1
浅草線「本所吾妻橋」駅徒歩３分,0
日当り良好,0
家具付き,0
グリーンコーポ駒形,1
無休・早朝・深夜の内覧可,0
☆グリーンコーポ駒形,1
年末年始は家族で家を見に行こう,0
グリーンコーポ駒形,1
グリーンコーポ駒形,1
ベルグレードＲ３８５,1
ＡＸＡＳ墨田アジールコート,1
ライオンズマンション向島第2,1
ライジングプレイス向島,1
レクシオ向島,1
フルリノベーション済み,0
森下駅近3分,0
泰地マンション両国,1
泰地マンション両国,1
家具付販売,0
ビクトリアハイム東向島,1
プレール・ドゥーク蔵前,1
菊川パークホームズ,1
アデニウム押上,1
ドマーニ両国,1
２ＬＤＫ,0
Ｈ１５築,0
南向き角部屋,0
「森下」歩４分,0
日神パレステージ曳舟,1
アイル東京向島弐番館,1
ベルク両国,1
錦糸町ローヤルコーポ,1
アデニウム押上アーバンイースト,1
犬・猫２匹まで飼育可,0
東南角部屋,0
築４年,0
アデニウム押上アーバンイースト,1
ダイアパレス本所,1
アスコットパーク菊川,1
クレヴィア両国,1
JR総武線「亀戸」駅まで徒歩2分,0
ファミリーさんへお勧め,0
3DKマンション,0
ハイネス亀戸,1
サンハイツ千田,1
北砂四丁目住宅,1
北砂４丁目住宅,1
北砂四丁目住宅,1
ハーモニーレジデンス門前仲町,1
亀戸パークハイツ,1
室内新規フルリノベーション,0
広々ルーフバルコニー,0
南砂住宅8号棟,1
フドウ東陽町ハイツ,1
ご成約特典,0
総戸数291戸のビックコミュニティ,0
トーア辰巳マンション,1
グランズ亀戸,1
亀戸ハイツ,1
ツインシティ弐番館アルス東砂,1
南砂四丁目住宅,1
ご成約特典,0
南砂四丁目住宅,1
３ＬＤＫ,0
南向き,0
南砂町駅徒歩７分,0
南砂四丁目住宅,1
南砂四丁目住宅◆,1
クレスト木場公園,1
２LDK,0
新価格,0
新規内装,0
木場公園隣接,0
５路線利用可,0
南砂住宅,0
２号棟,0
ニューパークハイツ,1
南砂町グリーンハイツ,1
１号棟,0
恒陽千石マンション,1
☆恒陽千石マンションB棟,1
年末年始は家族で家を見に行こう,0
☆東砂三丁目ハイツ7号棟,1
年末年始は家族で家を見に行こう,0
東陽町ガーデニアD棟,1
住宅ローン減税利用可,0
成約特典,0
グレイス大島,1
３ＬＤＫ,0
嬉しい家具付き販売,0
日当たり良好,0
グレイス大島,1
マンション亀戸天神ガーデニア,1
グレイス大島,1
牡丹町住宅,1
グリーンパーク南砂,1
豊洲ハイツ,1
トーカンマンション大島,1
ご成約特典,0
大島サンハイツ,1
３ＤＫ,0
大島駅徒歩９分,0
ペット可,0
新耐震基準,0
大島サンハイツ,1
大島サンハイツ,1
大島サンハイツ,1
トーカンマンション大島,1
Ｃ棟,0
ツインシティ東砂アネックス,1
ツインシティ東砂アネックス,1
コスモシティ北砂,1
ライオンズプラザ西大島,1
ヴェラハイツ扇橋,1
コープ野村亀戸,1
コスモ東京ベイフォート,1
コスモ東京ベイフォート,1
３ＬＤＫ,0
新規内装,0
築浅,0
大規模修繕済み,0
コスモ東京ベイフォート,1
セザール亀戸,1
7階部分,0
陽当り眺望良好の角住戸,0
コスモ大島グランコート,1
ブリリア有明スカイタワー,1
Brillia,1
有明,1
Sky,1
Tower,1
キャピタルガーデン東大島,1
クワイエ,1
ルネプライディア,1
都内で理想の眺望望める,0
アクアマークス,1
シティハウス東陽町プロッシモ,1
ティスタ西大島セープコート,1
ルネ・グランマリーナ潮見,1
清澄白河駅徒歩１分,0
クレール清澄公園,1
半蔵門線・都営大江戸線利用可,0
コープ南砂,1
ランジュ２０００大島♪,1
Brillia,1
有明,1
City,1
Tower,1
7階住戸,0
亀戸レジデンス,1
豊洲ハイライズ,1
亀戸レジデンス,1
BeCITYベイウイング,1
Brillia有明CityTower,1
ライオンズステーションプラザ西大島,1
プレミストベイフォートスクエア豊洲,1
アルファスシティ大島,1
ルーフバルコニー付,1
９０m2超えの４ＬＤＫ,0
アルファスシティ大島,1
コスモ大島ロイヤルフォルム,1
ルネプライディア,1
ブリリア有明スカイタワー,1
Brillia,1
有明,1
Sky,1
Tower,1
ザ・ガーデンタワーズ,1
サンライズタワー,1
Brillia有明CityTower,1
ブランズ大島,1
ルネ・グランマリーナ潮見,1
イーストコモンズ清澄白河パークフラッツ,1
ファミール浜園,1
エストビエント住吉ラフィナート,1
ナイスシティアリーナ亀戸,1
アップルタワー東京キャナルコート,1
ブリリア辰巳キャナルテラス,1
Brillia,1
辰巳,1
CANAL,1
TERRACE,1
☆東急ドエル・アルス南砂サルーテ,1
年末年始も営業中,0
オリゾンマーレ,1
プレミスト東陽町,1
クレヴィア越中島,1
☆プライマリー門前仲町,1
年末年始は家族で家を見に行こう,0
プライマリー門前仲町,1
ペット可,0
家具付販売,0
大規模修繕工事実施済み,0
ＢＡＹＺ,1
ＴＯＷＥＲ＆ＧＡＲＤＥＮ,1
平成２８年築,0
ペット可,0
耐震構造,0
クリオレジダンス東京Ｄポート,1
アデニウムコート木場,1
パークタワー東雲,1
ウエルタワー深川,1
ウエルタワー深川,1
ウエルタワー深川,1
ウエルタワー深川,1
クレヴィア住吉,1
プラウド木場,1
コスモ豊洲レジデンスマリナコート,1
ガレリア,1
グランデ,1
シティタワーズ豊洲ザ・シンボル,1
シティタワーズ豊洲ザツイン,1
サウスタワー,1
18階,0
パークタワー東雲,1
パークタワー東雲,1
パークタワー東雲,1
Brillia有明CityTower,1
シティタワーズ豊洲ザ・ツイン,1
サウスタワー,1
ブリリアマーレ有明,1
Ｗコンフォートタワーズイースト,1
シティタワーズ豊洲ザ・ツイン,1
シティタワーズ豊洲ザ・ツイン,1
Wコンフォートタワーズイースト,1
47階眺望良好,0
113m,0
イーストコモンズ清澄白河フロントタワー,1
THE,1
TOYOSU,1
TOWER,1
イーストコモンズ清澄白河フロントタワー,1
20階からの抜けるような眺望,0
イーストコモンズ清澄白河フロントタワー,1
新規公開,0
ウエルタワー深川３２Ｆ,1
W,1
Comfort,1
Towers,1
WEST,1
イーストコモンズ清澄白河セントラルタワー,1
シティタワーズ豊洲,1
ウエルタワー深川,1
東京フロントコート,1
シティタワー有明,1
東急ドエル・グラフィオ大森,1
ルーブル大崎弐番館,1
大森ハイツ,1
ライオンズマンション大森第３,1
中銀第３目黒マンシオン,1
１Ｒ,0
内装リノベ済,0
投資用にも居住用にも,0
パルムハウス大井,1
ニックハイム大森海岸,1
グリーンハイツ,1
1ＬＤＫ,0
新規内装リノベ済,0
南西向き,0
駅徒歩3分,0
グリーンハイツ,1
武蔵小山駅徒歩３分,0
南西角部屋,0
投資にも,0
目黒太陽マンション,1
年末年始は家族で家を見に行こう,0
五反田コーポビァネーズ,1
セブンスターマンション第五大森,1
エバラグランドマンション,1
ご成約特典,0
「戸越銀座」駅徒歩２分,0
眺望良好,0
エバラグランドマンション,1
五反田南ハイツ,1
五反田南ハイツ,1
五反田コーポビアネーズ,1
駅徒歩２分,0
ＮＩＣハイム仙台坂,1
リフォーム済,0
東亜サウスキャッスル,1
ライオンズマンション大森,1
マンション仙台坂カトレア,1
東武ハイライン戸越銀座,1
ライオンズマンション西五反田,1
セブンスターマンション西五反田,1
大森サンハイツ,1
駅徒歩２分,0
ホワイトを基調としたスタイリッシュデザイン,0
エクセル南品川,1
２ＬＤＫ,0
新規内装,0
専用庭付,0
三方角部屋,0
大森サンハイツ,1
大森サンハイツ,1
ニューハイツ大森,1
ライオンズマンション大森第５,1
グリーンプラザ五反田,1
年末年始は家族で家を見に行こう,0
グリーンプラザ五反田,1
クレールメゾン品川,1
フルリノベーション実施,0
ジェイパーク不動前,1
年中無休２３時まで,0
ご成約特典,0
ジェイパーク不動前,1
平成９年３月築,0
新規リノベ済,0
南東角部屋,0
1ＬＤＫ,0
アルス山王金子山マイスターヴェルク,1
3駅4路線利用可,0
第一種低層住居専用地域,0
センチュリー大井町ゼームス坂,1
プレミスト不動前,1
藤和シティホームズ大井町,1
レグノ・カリテ品川シーサイド,1
ルピナス不動前,1
ヴォーガコルテ武蔵小山,1
1ＬＤＫ,0
平成28年11月築,0
角部屋,0
収納充実,0
朝日シティパリオ島津山,1
１ＬＤＫ,0
デザイナーズ内装,0
山手線の内側,0
眺望良,0
大井町ハウス,1
年中無休２３時まで,0
大井町ハウス,1
陽当り良好,0
フルリノベ済,0
大井町ハウス,1
藤和シティホームズ大井町,1
品川シーサイドレジデンス,1
アルシア大森,1
住環境良好な大森エリア,0
安心な免震構造,0
角部屋のお部屋,0
目黒プラザ,1
東京ナイル,1
免震構造・外断熱,0
アルシア大森,1
エス・バイ・エルマンション御殿山,1
東建島津山南ハイツ,1
クオリティコート旗の台南,1
クオリティコート旗の台・南,1
マイキャッスル不動前III,1
アーバンパレス高輪台,1
アーバンパレス高輪台,1
大崎ウエストシティタワーズ,1
アーバンパレス高輪台,1
アールブラン大井町ミュゼ,1
クレヴィアタワー目黒不動前,1
平成27年築,0
14階部分のため日当たり良好,0
２ＬＤK,0
品川シーサイドレジデンス,1
シーフォートタワー,1
パーク・ノヴァ目黒不動前,1
シーフォートタワー,1
シーフォートタワー,1
ドレッセ目黒インプレスタワー,1
モアアペックス大森,1
モア・アペックス大森,1
パークシティ大崎ザ・タワー,1
パークシティ大崎ザ タワー,1
パークシティ大崎 ザ タワー,1
パークシティ大崎ザタワー,1
アリュールゼームス坂,1
パークシティ大崎ザ・タワー,1
プラウドタワー高輪台,1
大崎２大崎ウエストシティタワーズ,1
山手線「大崎」歩３分,0
タワーマンション,1
目黒第5コーポラス,1
島津山テラス,1
ラグナタワー３１階最上階,1
東南角住居１５０m,0
パークハウス池田山公園,1
白金台の杜,1
大崎ウエストシティタワーズ,1
Ｗ棟,1
大崎ウエストシティタワーズ,1
29階部分・駅直結3分,0
大崎ウエストシティタワーズ,1
W棟,1
目黒第2コーポラス,1
ミニカムマンション,1
２ＬＤＫ,0
内装リノベーション中,0
都立大徒歩４分,1
鷹番コーポ,1
東横線「学芸大学」駅徒歩４分,0
ペット飼育可能,0
東向き,0
ジュネス自由が丘,1
低層マンション最上階南西向き♪,0
目黒ローヤルコーポ,1
2Ｋ,0
内装リノベ済,0
南西角部屋,0
陽当り良好,0
南向きよりあなた向き,0
ミニカムマンション,1
フルリノベ,0
呑川緑道沿い,0
ミニカムマンション,1
東横線「都立大学」駅徒歩４分,0
呑川緑道隣接,0
事務所利用可,0
都立大バロンズコート,1
新価格,0
新内装,0
東急東横線「都立大学」駅歩3分,0
サクラティアラ目黒都立大,1
SKYマンション,1
無休,0
早朝・深夜の内覧可,0
柿の木坂サニーハイツ,1
内装リフォーム済,0
緑が丘マンション,1
エスケーワイマンション,1
祐天寺・目黒第７コーポ,1
目黒フラワーマンション,1
室内写真豊富,0
ライオンズプラザ池尻大橋7階,1
ドーマ八雲,1
フェニシア学芸大学,1
フェニシア学芸大学,1
フェニシア学芸大学,1
築浅＆ペット可,0
フェニシア学芸大学,1
眺望良好,0
目黒パビリオン,1
室内写真豊富,0
豊栄平町マンション,1
駅徒歩７分,0
オートロック付,0
豊栄平町マンション,1
リノベーション済み,0
豊栄平町マンション,1
日興パレス駒場,1
中目黒コーポラス,1
代官山徒歩圏,0
中目黒駅６分,0
日当り眺望良好,0
ニックハイム中目黒,1
１階部分にコンビニ有り,0
ペット飼育可♪新耐震基準適合♪,0
日商岩井第2自由が丘マンション,1
日商岩井第２自由が丘マンション,1
ニックハイム中目黒,1
イニシアイオ目黒学芸大学II,1
内覧予約受付中,0
人気の東横線,0
目黒通り沿いのマンション◆,0
ライオンズシティ学芸大学,1
エクセルシオール碑文谷,1
コープ第一駒場,1
渋谷駅徒歩圏,1
7階東南向き,0
リノベ済み,0
ビューネ柿の木坂,1
ハイネス第２目黒,1
お部屋から桜並木が望めます,0
パークリュクス目黒,1
青葉台フラワーマンション,1
ニュー青葉台マンション,1
ニュー青葉台マンション,1
２ＬＤＫ,0
新規内装,0
渋谷徒歩圏,0
オートロック,0
秀和恵比寿レジデンス,1
「恵比寿」駅徒歩６分,0
最上階,0
新規内装,0
京王目黒マンション,1
ニュー青葉台マンション,1
年中無休２３時まで,0
コスモセシオン目黒,1
最上階,0
解放感のある眺望,0
プレシス駒場東大前,1
藤和柿の木坂コープ,1
ピアースコード目黒洗足,1
ソフィア目黒碑文谷,1
ステラレジデンス中目黒,1
ダイアパレスシェルトワレ目黒,1
クラッシィハウス目黒洗足,1
ジオ目黒,1
目黒駅,0
歩7分,0
平成25年築,0
角部屋,0
テラス付き,0
ジオ目黒,1
カーサフェリス学芸大学,1
ドエルアルス目黒トランクルーム付,1
ノーツ目黒青葉台,1
オーベル目黒,1
マイキャッスル中目黒III,1
室内写真豊富,0
マイキャッスル中目黒III,1
南西北の三方角部屋,0
ペット飼育可,0
マイキャッスル中目黒3,1
グランヴェール目黒,1
南東北の三面採光,0
最上階,0
フルリノベ,0
ノーツ目黒青葉台,1
中目黒アトラスタワー,1
中目黒アトラスタワー,1
オパス青葉台,1
中目黒アトラスタワー,1
恵比寿ガーデンテラス壱番館,1
パーク・ハイム自由が丘二丁目,1
エンゼルハイム大鳥居,1
ワールドパレス,1
富士見キャッスル,1
３階１ＬＤＫ,0
新規内装,0
田園調布アドレス,1
角部屋,0
田園調布愛知マンション,1
シンシア蒲田ステーションプラザ,1
洗足池マンション,1
山王スカイマンション,1
「大森」駅徒歩１０分,0
ペット可,0
洗足池マンション,1
２ＤＫ,0
新価格,0
新規内装,0
角部屋,0
洗足池駅徒歩４分,0
ロイヤルパレス馬込,1
ロイヤルパレス馬込,1
ルミネ西六郷,1
大森中央ハイム,1
大京穴吹不動産のリノベーションマンション,0
マンションニュー池上,1
室内写真豊富,0
空室・内覧可能,0
スターハイツ上池台,1
Ｈ20年フルリフォーム,0
ペット飼育可,0
マンションニュー池上,1
ペットと暮らせるスローライフマンション,0
大岡山コーポラス,1
大森南スカイハイツ,1
内装リノベ,0
南向き,0
ペット可,0
シャトー久が原,1
メイクスデザイン池上アジールコート,1
エクセルハイム蒲田,1
グローウィング城南,1
最上階角部屋,0
エクセル蒲田,1
駅徒歩２分♪,0
ローズハイツ東雪ヶ谷,1
エンゼルハイム大森,1
リシェ多摩川リバーサイド,1
パルコ西馬込,1
無休,0
早朝・深夜の内覧可,0
城南ハウス,1
ライオンズマンション西馬込,1
メガロン東六郷,1
京浜急行線「六郷土手」駅徒歩５分,0
７階部分南向き陽当たり良好,0
価格変更▼ローズハイツ東雪ヶ谷,0
大規模修繕,0
リノベーション済み,0
フラット35利用可,0
グランドール第１馬込,1
２路線が乗り入れる便利な立地,0
グランドール第一馬込,1
アートコート田園調布JP,1
最上階＆角部屋,0
アートコート田園調布ＪＰ,1
エンゼルハイム大森第６,1
フォリストマンション山王,1
エンゼルハイム大森第６,1
新耐震,0
エンゼルハイム大森第６,1
専用庭付き,0
エンゼルハイム大森第6,1
フルリノベーション,0
オープンキッチンで広く開放的な空間,0
フラット田園調布,1
コープ野村東六郷,1
コープ野村東六郷,1
希少物件,0
人気の大田区上池台,0
ペアパレス上池台No.1,1
ニックハイム梅屋敷,1
リノベーション履歴あり,0
ニックハイム梅屋敷,1
南多摩川ハイツ,1
コート蒲田,1
コート蒲田,1
ハイシティ田園調布南,1
大森ハイツ,1
ハイシティ田園調布南,1
３ＬＤＫ,0
新規内装,0
人気のリバーサイドエリア,0
朝日石川台マンション,1
朝日石川台マンション,1
ハイシティ田園調布南,1
約10帖の専用庭,0
新耐震,0
リノベ済の3LDK♪,0
大森西サンハイツ,1
４階・陽当たり良好,0
広々リビング約１３帖♪,0
セレニティ久が原,1
フラット田園調布,1
トーア大森マンション,1
蒲田シティハウス♪,1
Ｄ’クラディア蒲田イースト,1
平成17年築,0
ペット可,0
２駅利用可,0
D‘クラディア蒲田EAST,1
ペットとお住まいになれます,0
収納豊富,0
当日ご案内可能,0
ラシューレ下丸子♪Century21,1
コスモジャパン,1
アデニウム洗足池オートクチュールテラス,1
大森パークホームズベイサイドコート,1
大森パークホームズベイサイドコート,1
ペット可,0
オートロック完備,0
眺望良好,0
ルネ蒲田ガーデンステイツ,1
オーベル久が原,1
ご内見のお申し込み,0
オーベル久が原,1
資料請求,0
大森パークホームズベイサイドコート,1
総戸数２８３戸の大規模レジデンス,0
レクセル大森ラウンドアーク,1
イニシア多摩川,1
総戸数４６１戸のビッグコミュニティ,0
東急ドエルアルス多摩川,1
７階部分,0
南向き,0
４ＤＫ,0
クレストフォルム東京リバーコースト,1
グランドステージ大森弐番館,1
リージェントハウス大森西,1
セザール蒲田南,1
大森北一ハイツ,1
ピアースコード西馬込,1
３６平米の開放的なルーフバルコニー,0
３ＬＤＫ化も可能,0
リージェントハウス大森西,1
ライオンズステージ蒲田アクロスフォート,1
スターロワイヤル雪谷,1
東急ドエルアルス多摩川,1
アーデル池上,1
多摩川パークスクエア,1
藤和シティホームズ南久が原,1
毎週土日祭日は、オープンルーム開催中,0
ガーデンホーム久が原,1
無休,0
早朝・深夜の内覧可,0
ライオンズマンション馬込マークヒルズ,1
フィールＳ大森,1
内装リフォーム後引渡し,0
ご案内希望随時承ります,0
クレストフォルム東京リバーコースト,1
ライオンズマンション馬込マークヒルズ,1
ウェルズパーク久が原,1
クレヴィア東雪谷,1
築５年,0
陽光あふれる最上階,0
角住戸,0
ウェルズパーク久が原,1
大岡山ハウス,1
内覧可能,0
東京マスタープレイス,1
リノベーション,0
ペット飼育可,0
15Ｆ眺望良好,0
東京マスタープレイス,1
年末年始は家族で家を見に行こう,0
アールヴェール多摩川,1
大森プロストシティレジデンス,1
ザ・パークハウス山王蘇峰公園,1
ディー・トリア,1
ソレイユハウス,1
パークハウス多摩川南参番館,1
３方角住戸,0
パークハウス多摩川南参番館,1
眺望良好♪,0
パークハウス多摩川南参番館,1
ご内見のお申し込み,0
パークハウス多摩川南参番館,1
資料請求,0
パークハウス多摩川,1
パークハウス多摩川,1
≪パークハウス多摩川南参番館≫,1
桜丘フラワーホーム,1
スカイコート世田谷用賀,1
ルナパーク三軒茶屋,1
マンション上北沢,1
三田松原コーポ,1
フルリノベーション,0
南向き,0
藤和シティコープ自由が丘,1
ハイツグリーン,1
ハイツグリーン,1
等々力コーポラス,1
2ＤＫ,0
新価格,0
内装リノベ済,0
等々力駅徒歩2分,0
最上階,0
ニュー奥沢ハイツ,1
１ＤＫ,0
新規内装,0
最上階,0
角部屋,0
３路線利用可,0
ニュー奥沢ハイツ,1
烏山北住宅1号棟,1
年末年始は家族で家を見に行こう,0
ニュー奥沢ハイツ,1
最上階,0
南西角部屋で日当たり・眺望良好♪,0
ハヤマビル,1
ライオンズマンション経堂第５,1
新規内装,0
南東角部屋,0
経堂駅徒歩８分,0
玉川グリーンハイツ,1
レインボー烏山,1
２ＬＤＫ,0
新規内装,0
南向き日当たり良好,0
ペット可,0
明大前フラワーマンション,1
オープンレジデンス世田谷梅丘,1
桜丘フラワーホーム,1
桜丘フラワーホーム,1
専用庭付,0
リノベ＆家具付き♪,0
上北沢第1コーポラス,1
上北沢第１コーポラス,1
東向き,0
角部屋,0
大規模修繕済み,0
上北沢第１コーポラス,1
上北沢第１コーポラス,1
上北沢第１コーポラス,1
成約特典,0
最上階,0
角部屋,0
ペット飼育可,0
上馬コーポラス,1
眺望・陽当たり良好,0
ライオンズマンション三宿,1
ロイヤルパレス学芸大学,1
祖師谷ハイツ,1
祖師谷ハイツ,1
祖師谷ハイツ,1
祖師谷ハイツ,1
祖師谷ハイツ,1
新価格,0
新規内装,0
祖師ヶ谷大蔵駅９分,0
啓明宮前橋マンション,1
無休・早朝・深夜の内覧可,0
啓明宮前橋マンション,1
年末年始は家族で家を見に行こう,0
弦巻オリンピックマンション,1
ハイコーポ奥沢,1
ヴィルヌーブ桜新町,1
柿の木坂パレス,1
東海経堂マンション,1
1LDK,0
「経堂」駅徒歩５分,0
角部屋,0
新規内装,0
シャンボール上野毛,1
２ＤＫ,0
新規内装,0
専用庭,0
豊かな自然環境,0
シャンボール上野毛,1
専用庭付き,0
二子玉川ライズ徒歩５分,0
中銀若林マンシオン,1
1ＬＤＫ,0
新規内装,0
オートロック有り,0
駅徒歩5分,0
中銀若林マンシオン,1
上馬ハイホーム,1
新規リノベーション物件,0
家具付,0
エアコン付き,0
第５千歳船橋ヒミコマンション,1
上馬ハイホーム,1
第５千歳船橋ヒミコマンション,1
新規内装リノベーション,0
陽当たり良好,0
ベルソードパル代沢,1
ベルソードパル代沢,1
第5千歳船橋ヒミコマンション,1
上馬ハイホーム,1
ダイヤハイツ三軒茶屋,1
専用庭付き,0
フルリノベーション,0
ダイヤハイツ三軒茶屋,1
年末年始は家族で家を見に行こう,0
現地見学できます,0
久我山スカイマンション,1
池ノ上グロリアハイツ,1
大京穴吹不動産のリノベーションマンション,0
日生野沢マンション,1
藤和世田谷桜丘コープ,1
ハイツ上野毛,1
明大前グランドハイツ,1
7階部分3LDK,0
ペット飼育可,0
新規リノベ中,0
ブリリアンス成城学園,1
ディバインレジデンス武蔵小金井,1
コート武蔵小金井,1
ヒルズ武蔵小金井弐番館,1
ライオンズヴィアーレ小平,1
ライオンズマンション小平南,1
ライオンズマンション小平南,1
6階南西角部屋,0
陽当り良好,0
室内状態良好,0
ライオンズマンション小平南,1
ご見学可能,0
LDKが約22.9帖,0
驚きの広さがあるガーデンハイツ小平1番館,1
ガーデンハイツ小平１番館,1
クレストフォルム武蔵野ガーデンコート,1
ガーデンハイツ小平１番館,1
想像を超える満足,0
専有面積が142.31m2の9階部分,0
ガーデンハイツ小平1番館,1
日野市程久保,1
マイキャッスル高幡不動,1
武蔵野サンハイツ久米川,1
ライオンズマンション萩山第二,1
ソルコリーナメイツ豊田旭か丘,1
リーデンススクエア高幡不動,1
ネバーランド日野駅前,1
値下げ,0
弊社限定未公開物件,0
豊田駅徒歩８分,0
ビバヒルズ,1
三方角部屋,0
リーデンススクエア高幡不動,1
サンヴェール久米川,1
内装リフォーム,0
ココロコス東京久米川ケヤキ街区,1
休日は公園へペットとお散歩,0
2駅歩けて住環境良好,0
ココロコス東京久米川,1
ココロコス東京久米川ケヤキ街区,1
ココロコス東京久米川,1
総戸数７６９戸,0
内装リフォーム,0
ヴィラージュ・ヴェール４番館,1
ペット飼育可,0
レクシオ東村山ティアーズガーデン,1
ハイネス国分寺ルミエール,1
住み続ける価値”のある街、国分寺,0
ハイネス国分寺ルミエール,1
ハイネス国分寺ルミエール,1
価格改定しました,0
国分寺パークハウス,1
三井不動産旧分譲,1
パークシティ国分寺,1
ソフトタウン武蔵野,1
駅徒歩２分・専有面積９３m超でフルリノベーション後のお引渡し,0
武蔵野レジデンス壱番街,1
グランドメゾン国立西,1
テラス国立ウエスト,1
クリオレミントンヴィレッジ国立,1
ルピナス国立ステーションスクエア,1
シアンズテラス国立,1
レクセルマンション福生第２,1
ダイアパレス福生牛浜,1
ハイホーム福生,1
カインドステージ福生,1
"イエリノマンションシリーズ
IV""",1
ドミール武蔵野台,1
６階部分,0
東海狛江マンション,1
小田急小田原線「狛江」駅徒歩４分,0
ルーフバルコニー付き,0
グランシティ喜多見,1
内装リフォーム済み,0
ペット可,0
オープンエアスペース,1
清瀬ハイコーポ,1
東京ユニオンガーデンビューコート,1
サンクレイドル桜が丘,1
クロスフォート玉川上水,1
間取：４ＬＤＫ,0
南面３室,0
約８．５ｍのワイドスパン,0
Maison,1
de,1
l’espoir,1
vous,1
fera,1
sourire,1
ステイツ武蔵野・東大和グランパサージュ,1
コスモ・ザ・パークス清瀬の森,1
アイラシティ,1
コスモ・ザ・パークス清瀬の森,1
12F,0
コスモ・ザ・パークス清瀬の森,1
西武池袋線「清瀬」,0
ビーグルマンション伊奈平,1
ライオンズマンション西武立川,1
南向き,0
ウィスタリアマンション第二大南,1
空室に付き内覧可,0
即引渡し可能です,0
ひばりが丘フィールズ2番街,1
グリーンメゾン諏訪,1
ライオンズマンション聖蹟桜ヶ丘第2,1
ライオンズマンション聖蹟桜ヶ丘第２,1
価格改定しました,0
タウンハウス永山,1
永山,1
タウンハウス永山5-30,1
セザール聖蹟桜ヶ丘,1
セザール聖蹟桜ヶ丘,1
南西北の三方角部屋,1
駅徒歩10分,0
全室採光あり,0
マイキャッスル多摩センター,1
アナタの城で,0
『多摩の四季』を感じる,0
マイキャッスル多摩センター,1
マイキャッスル多摩センター,1
ライオンズマンション京王永山,1
セザール聖蹟桜ヶ丘,1
藤和シティコープ多摩センター駅前,1
ライオンズプラザ聖蹟桜ケ丘,1
イトーピア多摩パルテノンヒルズ,1
ザ・パークハウス 多摩ニュータウン永山,1
ブリリア多摩ニュータウン,1
モナーク多摩センター,1
贅の限りを尽くされたリノベーションヒルサイド永山,1
長峰杜の二番街,0
イニシア新百合ヶ丘,1
アドリーム稲城南多摩,1
ルイシャトレ稲城多摩川,1
ルネ稲城,1
クリオ矢野口壱番館,1
若葉台ワルツの杜,1
若葉台ワルツの杜A棟,1
グランドメゾン保谷,1
ライオンズマンション田無,1
カクタス田無マンション,1
ローヤルシティ保谷,1
サンクレイドル田無弐番館,1
Brillia,1
City,1
ひばりが丘,1
保谷光風レジデンス,1
サンクレイドル西東京ウインフォート,1
アルファスクエア西東京アルテ,1
サンクレイドル西東京ウインフォート,1
即日ご内覧可能です,0
パークウエスト東京ウエストブロック棟,1
パークウエスト東京,1
ウエスト,1
クレール東郷坂,1
プレサンスロジェ千代田東神田,1
コーポ麹町,1
パークウェル秋葉原,1
ガリシア九段下ライズ,1
ライオンズマンション一番町,1
日興ロイヤルパレス二番町第２,1
三番町パークライフ,1
東京レジデンス,1
コノエ三番町,1
プレミスト麹町,1
プラウドタワー千代田富士見,1
プレミスト麹町,1
レグノ・グランデ一番町タワー,1
ウェリスタワー千代田岩本町,1
朝日九段マンション,1
ザ・パークハウスグラン三番町,1
晴海テラス,1
ザ・パークハウス晴海タワーズ,1
クロノレジデンス,1
シティハウス月島ステーションコート,1
クレストシティレジデンス,1
コンパートメント東京中央,1
プラネ勝どき,1
ＴＨＥ,1
ＴＯＫＹＯ,1
ＴＯＷＥＲＳ,1
ＳＥＡ,1
ＴＯＷＥＲ,1
セザール小伝馬町,1
オーベルジュ日本橋,1
ライオンズマンション勝どき,1
スカイコート銀座東,1
パークホームズ日本橋浜町二丁目リビオガーデン,1
ザ・晴海レジデンス,1
中銀東京日本橋マンシオン,1
東京アムフラット,1
コノエ東日本橋駅前,1
ＴＨＥパームス月島ルナガーデン,1
ＴＨＥ,1
パームス月島ルナガーデン,1
藤和シティホームズ茅場町,1
コスモ東京ベイタワー,1
コスモ東京ベイタワー,1
コスモ東京ベイタワー,1
ザ・パークハウス晴海タワーズティアロレジデンス,1
日本橋三越前アムフラット弐番館,1
プレサンスロジェ八丁堀,1
サンヴェール日本橋人形町グランデ,1
ザ・パークハウス晴海タワーズティアロレジデンス,1
ＴＨＥ,1
"ＴＯＫＹＯ",1
ＴＯＷＥＲＳ,1
ＳＥＡ,1
晴海アイランドトリトンスクエアビュータワー,1
オープンレジデンシア銀座二丁目,1
イトーピア六本木,1
コンシェリア芝公園Ｄ’ｓ,1
パークサイド六本木,1
インペリアル赤坂一番館,1
赤坂桧町公園アーバンライフ,1
シティ田町,1
第三弥生コーポ,1
秀和西麻布レジデンス,1
インペリアル六本木１号館,1
シティインデックス三田伊皿子坂,1
麻布コーポラス,1
ライオンズマンション白金第３,1
ヴィラ赤坂,1
クレヴィア南麻布,1
アクロス赤坂,1
シャトー東洋南青山,1
白金台グロリアハイツ,1
白金台グロリアハイツ,1
シティ麻布,1
ソレイユ田町,1
グランドメゾン田町,1
シャトー東洋南青山,1
秀和高輪レジデンス,1
南青山パークマンション,1
南青山パークマンション,1
南青山パークマンション,1
南青山パーク・マンション,1
デュオ・スカーラ赤坂,1
グランドメゾン南麻布,1
ハイツ赤坂,1
芝浦アイランドグローヴタワー,1
ハイクレスト白金台,1
パークタワー芝浦ベイワードオーシャンウイング,1
インペリアル広尾,1
カテリーナ三田タワースイート,1
ウエストアーク,1
カテリーナ三田タワースイートウエストアーク,1
第二高輪ハウス,1
オープンレジデンシア六本木美術館前,1
ベイクレストタワー,1
ヴィラージュ南青山,1
レグノ・ラフィネ南青山,1
パークハウス芝タワー,1
永田町法曹ビル,1
ＴＨＥ,1
ＴＯＷＥＲＳ,1
ＤＡＩＢＡ,1
パークタワー品川ベイワード,1
芝浦アイランドグローヴタワー,1
東京ツインパークス,1
ベルテ南青山－I,1
ベルテ南青山－１,1
フォリア白金,1
麻布ホームズ,1
カテリーナ三田タワースイート,1
インプレストタワー芝浦,1
エアレジデンス,1
南青山マスターズハウス,1
藤和シティホームズ南麻布,1
オープンレジデンシア高輪プレイス,1
藤和シティホームズ南麻布,1
マジェスタワー六本木,1
ワールドシティタワーズ,1
アクアタワー,1
芝浦アイランドケープタワー,1
パークコート麻布十番ザ・タワー,1
東京ツインパークス,1
レフトウイング,1
ウェリス六本木,1
白金タワー,1
ＳＡＩＯＮ,1
ＳＡＫＵＲＡＺＡＫＡ,1
三田清風ガーデン,1
グローバルフロントタワー,1
グローバルフロントタワー,1
南青山マスターズハウス,1
ＧＬＯＢＡＬ,1
ＦＲＯＮＴ,1
ＴＯＷＥＲ,1
東京ツインパークスレフトウィング,1
ミッドガーデン赤坂氷川,1
ＧＬＯＢＡＬ,1
ＦＲＯＮＴ,1
ＴＯＷＥＲ,1
ＧＬＯＢＡＬ,1
ＦＲＯＮＴ,1
ＴＯＷＥＲ,1
パークコート麻布十番,1
ザ・パークハウス西麻布レジデンス,1
虎ノ門タワーズレジデンス,1
シャトー東洋南青山,1
コスモポリス品川,1
パークコート赤坂桜坂,1
グラン・ブルー高輪アドニス,1
三田綱町パークマンション,1
チュリス赤坂,1
品川Ｖタワー,1
パークコート赤坂ザタワー,1
パークコート赤坂ザタワー,1
日興パレセゾン早稲田,1
ライオンズプラザ新宿,1
メイゾン牛込,1
コスモシティ市ヶ谷,1
ヒルサイド信濃町,1
マンション小滝橋,1
中落合マンション,1
パレステュディオ新宿都庁前,1
四谷サンハイツ,1
スカイコート神楽坂参番館,1
藤和新宿番衆町コープ,1
スカイコート神楽坂壱番館,1
ガーデン鷹乃羽,1
クオリア新宿余丁町,1
四谷若葉マンション,1
トーシンフェニックス目白,1
市ヶ谷ホームズ,1
ゼクシア市谷台,1
ライオンズステーションプラザ,1
ガリシア新宿Ｎｏｒｔｈ,1
ベルパークシティ西新宿,1
上落合ハイツ,1
レジェンド西早稲田フォレストタワー,1
早稲田スカイマンション,1
市ヶ谷ホワイトレジデンス,1
アトラスタワー西新宿,1
パークハウス市谷柳町,1
市ヶ谷ホワイトレジデンス,1
シーズクロノス新宿戸山,1
リビオ新宿ザ・レジデンス,1
ザ・パークハウス四谷若葉レジデンス,1
Ｉｔ’ｓ東京フォーサイトスクエア,1
高田馬場デュープレックスI,1
グローリオ御苑内藤町,1
ザ・センター東京,1
ジオ西新宿ツインレジデンス,1
イースト棟,1
コスモ市ヶ谷北町,1
コスモ市ヶ谷北町,1
オパスロイヤル,1
ビューネ高田馬場,1
ウェリス四ツ谷,1
シティタワー四谷,1
リビオ目白西坂ヒルテラス,1
エンブレム下落合,1
ブランズ市谷仲之町,1
ディナ・スカーラ新宿,1
ダイヤハイツ千駄木,1
フジメゾン千駄木,1
タワーレジデンス四谷,1
パークハウス市谷砂土原町レフィナール,1
コンシェリア西新宿ＴＯＷＥＲ’Ｓ,1
ＷＥＳＴ,1
シティタワー新宿新都心,1
シティタワー四谷,1
アイ・タウン,1
クレストコート砂土原,1
ハイネス文京本駒込,1
パークスクエア小石川,1
プラネスーペリア文京千石,1
パークホームズ本郷東大前,1
イトーピア千駄木ＩＤＥＡ,1
Ａ棟,0
フローレンスパレス御茶ノ水フィアンコ,1
エクレーヌ本駒込,1
キングヒルズ白山,1
ハイシティ文京,1
グランシーナ目白台,1
グランシーナ目白台,1
パークスクエア文京音羽,1
パークハウス楠郷臺,1
プラウド本郷真砂坂,1
パークリュクス秋葉原ｍｏｎｏイースト,1
モアシティ浅草,1
入谷松が谷マンション,1
日神デュオステージ新御徒町,1
田原町マンション,1
パークリュクス秋葉原ｍｏｎｏイースト,1
エルニシア上野Ｎｏｒｔｈｅａｓｔ,1
ＡＸＡＳ上野北,1
サンクレイドル上野,1
グランティアラ新御徒町アジールコート,1
ラ・フォルム浅草,1
ケルン浅草,1
ソルフィエスタ新御徒町,1
ハーモニーレジデンス上野の杜,1
ハピネ蔵前鳥越,1
錦糸町グリーンプラザ,1
錦糸町ハイタウン,1
クレド・ハイツリー両国,1
両国アムフラット２,1
泰地マンション両国,1
ダイアパレス向島百花園２,1
プリメール柳島,1
隅田川パーク・ホームズ,1
両国ダイヤハイツ,1
朝日シティパリオ東向島,1
ウィルローズ曳舟,1
ダイアパレス本所,1
プレミアムヴェール,1
ダイアパレス本所,1
プライマリー本所吾妻橋,1
レ・ジェイド東向島,1
ライオンズ錦糸町レジデンス,1
ベルメゾン両国,1
レクシオ錦糸町,1
ルーブル錦糸町,1
スパシエアランシア亀戸,1
ルーブル錦糸町,1
ＧＲＡＺＩＡ南砂町,1
フリージャーマンション,1
ライオンズマンション門前仲町第５,1
カーサ第１亀戸,1
クラウンマンション,1
エンゼルハイム東砂,1
東砂３丁目ハイツ,1
秀和第４東陽町レジデンス,1
シャンノール清澄公園,1
クリオレジダンス東京,1
ライオンズステージ大島ウエストアクエア,1
ニックハイム木場公園第６,1
藤井ニックハイム門前仲町第２,1
ＮＩＣハイム木場公園第６,1
コープ南砂,1
藤井ＮＩＣハイム門前仲町第２,1
Ｂｒｉｌｌｉａ,1
辰巳,0
ＣＡＮＡＬ,1
ＴＥＲＲＡＣＥ,1
ザ・湾岸タワー,1
レックスガーデン,1
ブリリア有明スカイタワー,1
マンション東陽町,1
ブリリア有明スカイタワー,1
ザ・ウインベル仙台堀公園ガーデンウイング,1
Ｂｒｉｌｌｉａ有明ＳｋｙＴｏｗｅｒ,1
プラウドタワー東雲キャナルコート,1
ブリリアマーレ有明タワーアンドガーデン,1
アイ・キャナルメイツ豊洲,1
Ｂｒｉｌｌｉａ,1
Ｍａｒｅ,1
有明,0
ＴＯＷＥＲ＆ＧＡＲＤＥＮ,1
ブランズ東雲,1
ファミール浜園,1
ブリリアマーレ有明タワー＆ガーデン,1
ブリリアマーレ有明タワー＆ガーデン,1
コスモ東陽町親水公園,1
グランアルト豊洲,1
シティタワー有明,1
東京錦糸町シティタワー,1
キャナルワーフタワーズ,1
ガーデンフラッグシティ,1
シティタワーズ豊洲ザ・ツイン ノースタワー,1
シティタワーズ豊洲ザ・ツイン,1
シティタワーズ豊洲ザ・ツイン,1
ニュートンプレイス・サウスコート,1
ルネ門前仲町パークステイツ,1
アーバンドックパークシティ豊洲タワーＡ,1
パークタワー東雲,1
キャナルファーストタワー,1
Ｂｒｉｌｌｉａ有明Ｃｉｔｙ,1
Ｔｏｗｅｒ,1
ブリリア有明シティタワー,1
パークハウス清澄白河タワー,1
ベイズ,1
タワー＆ガーデン,0
Ｗコンフォートタワーズ,1
ＷＥＳＴ,1
ＴＨＥ,1
ＴＯＹＯＳＵ,1
ＴＯＷＥＲ,1
パークタワー東雲,1
パークハウス清澄白河タワー,1
イーストコモンズ清澄白河フロントタワー,1
シティタワーズ豊洲ザ・ツイン,1
サウスタワー,1
シティタワーズ豊洲ザ・ツイン,1
ノースタワー,1
シティタワーズ豊洲ザ・シンボル,1
シティタワーズ豊洲ザ・ツイン,1
ノースタワー,1
アーバンドック,1
パークシティ豊洲,1
ブリリアマーレ有明タワー＆ガーデン,1
シティタワーズ豊洲ザ・ツインノースタワー,1
ＴＨＥ,1
ＴＯＹＯＳＵ,1
ＴＯＷＥＲ,1
シティタワーズ豊洲ザ・ツイン,1
サウスタワー,1
シティタワーズ豊洲ザ・シンボル,1
ＳＫＹＺ,1
ＴＯＷＥＲ＆ＧＡＲＤＥＮ,1
アップルタワー東京キャナルコート,1
シティタワーズ豊洲ザ・ツイン,1
サウスタワー,1
ロイヤルガーデン武蔵小山,1
グリーンプラザ武蔵小山,1
ラグナタワー,1
ディナ・スカーラ品川戸越,1
ジェイパーク不動前,1
大井町ハウス,1
クレストタワー品川シーサイド,1
マンション雅叙苑,1
マンション雅叙苑,1
ル・サンク大崎シティタワー,1
ラグナタワー,1
クレストラフィーネ旗の台,1
モナージュ旗の台,1
オープンレジデンス島津山,1
ルミネ目黒不動,1
アルス山王金子山マイスターヴェルク,1
ヴィラドール御殿山,1
グレンパーク池田山,1
オープンレジデンス白金台,1
ジェイパーク大崎弐番館,1
マンション島津山,1
ヴィラドール御殿山,1
マイキャッスル武蔵小山,1
マイキャッスル武蔵小山,1
朝日エンブレム白金南,1
アールブラン南品川レジデンス,1
テラス大井町,1
プレシス大井町,1
サンライズ目黒,1
ライオンズマンション池尻大橋,1
フォルス学芸大学ラクシーズ,1
フォルス学芸大学ラクシーズ,1
ドム学芸大,1
ドエルアルス目黒,1
ドム学芸大,1
マンション目黒苑,1
マンション清水台,1
日商岩井碑文谷マンション,1
マンション西目黒苑,1
マンション西目黒苑,1
セザール碑文谷,1
ジークレフ自由が丘,1
マンション第二恵比須苑,1
セブンスターマンション中目黒,1
シャンボール学芸大学,1
ルイシャトレ自由が丘,1
アージョ目黒柿の木坂,1
ピアースコード目黒洗足,1
ハイネス中目黒,1
オーベル目黒,1
プロスペアー碑文谷,1
サンクタス目黒大塚山,1
オープンレジデンシア目黒青葉台,1
ブリリア恵比寿ｉｄ,1
上目黒ハイム,1
自由が丘アーバンライフ,1
都立大イーストハイツ,1
キャピタルビュー平和島,1
エンゼルハイム蒲田第６,1
ワコーレ西馬込,1
馬込コーポビアネーズ,1
トーコー長原マンション,1
メインステージ蒲田２,1
ルネ西蒲田マンション,1
ロイヤルパレス,1
朝日クレス・パリオ仲池上,1
プレール・ドゥーク蒲田II,1
大森南スカイハイツ,1
セザール大森本町,1
レックス多摩川レジデンス,1
アルテシモ・シエロ,1
西蒲田スカイハイツ,1
ルミネ西六郷,1
クリオ多摩川ラ・モード,1
日神デュオステージ大森西,1
多摩川ビューハイツ,1
長原第一マンションズ,1
グランイ－グル西糀谷II,1
スカイコート蒲田ＥＡＳＴ,1
東急ドエルアルス多摩川,1
アルシオンエアポートタワー,1
西蒲田スカイハイツ,1
谷口ハビテーション,1
プラーティノ多摩川鵜の木,1
フォリストマンション山王,1
フォリストマンション山王,1
ヒルズ久が原壱番館,1
ヴェーゼント久が原,1
ディー・トリア フォレストハウス,1
シティハイツ馬込,1
ヴェーゼント久が原,1
サンマンションアトレ東雪谷,1
南雪谷ハイライズ,1
アールブラン久が原,1
東京マスタープレイス,1
アールブラン千鳥町,1
ザ・リバープレイスイーストタワー,1
東京マスタープレイス,1
サンマンションアトレ東雪谷,1
ザ・リバープレイスウエストタワー,1
パークハウス雪が谷大塚,1
大森プロストシティレジデンス,1
ウェリスシティ大森タワー,1
パークハウス多摩川南壱番館,1
ウェリスシティ大森タワー,1
ウェリスシティ大森タワー,1
パークハウス多摩川北参番館,1
ウェリスシティ大森タワー,1
ベルメゾン田園調布一丁目,1
パークタワー山王,1
ニュー池尻マンション,1
赤堤ハイム,1
スターハイツ松陰神社,1
パール世田谷,1
シャンボール上北沢,1
北沢ハイツ,1
ディナスカーラ成城南,1
パークハウス世田谷千歳台コンフォート,1
日商岩井芦花公園マンション,1
深沢ハイム,1
パークハイム芦花公園,1
プロティオン豪徳寺,1
ガーデンヴィラ三軒茶屋,1
レジデンシャルスター三軒茶屋,1
コスモ千歳烏山ロイヤルフォルム,1
ルナパーク三軒茶屋,1
ダイアパレス三宿,1
駅徒歩５分,0
ルナパーク三軒茶屋,1
砧公園スカイハイツ,1
オープンレジデンシア池尻大橋,1
桜新町サンハイツ,1
パークスクエア千歳船橋,1
センチュリー千歳烏山,1
ペット飼育可,0
マイキャッスル弦巻,1
パークハイム上馬,1
アルファホームズ深沢,1
クレッセント池尻大橋,1
サンフル富士見ケ丘シティハウス,1
サンフル富士見ヶ丘シティハウス,1
アルソレア馬事公苑,1
マイキャッスル二子玉川園,1
マイキャッスル二子玉川園,1
リベラージュ等々力,1
クレードル二子玉川園,1
日商岩井田園調布マンション,1
経堂スカイマンション,1
ザ・レジデンス千歳船橋グランエアレジデンス,1
アトラス駒沢大学,1
パークハウスフォレストリエ,1
ザ・レジデンス千歳船橋グランエアレジデンス,1
ローレルコート世田谷上馬,1
プラウド千歳船橋,1
リストレジデンス等々力,1
マノー深沢,1
Ｄ’グランセ世田谷テヴィエ,1
ライオンズマンション馬事公苑パークサイド,1
ファミール明大前,1
パークホームズ世田谷梅丘,1
コートデコ尾山台,1
クレッセント深沢,1
プラティーク三軒茶屋,1
二子玉川ライズタワー,1
レジデンスタワーウエスト,1
グローリオ蘆花公園,1
ライオンズマンション馬事公苑パークサイド,1
パークハウスフォレストリエ,1
ディアナコート自由が丘レジデンス,1
東急ドエルアルス上用賀,1
三軒茶屋パークホームズ,1
ガーデン・コート世田谷赤堤,1
ザ・パークハウス経堂プレイス,1
リストレジデンス等々力,1
深沢パークマンション,1
２９坪以上,1
こだわりの内装,0
パークホームズ学芸大学グレーススクエア,1
グローリオ蘆花公園ヴィラＨ棟,1
パーク・ハイム下馬,1
パーク・ハイム下馬,1
東高ペアシティ世田谷赤堤,1
パークハウス用賀三条通り,1
最上階,0
南西向き,0
両面バルコニー,0
Ｄグランセ世田谷テヴィエ,1
桜上水ガーデンズ,1
Ｄグランセテヴィエ,1
３階,0
二子玉川ライズ,1
タワー＆レジデンス,0
タワーイースト,0
マスタービューレジデンス,1
グランドヒルズ三軒茶屋ヒルトップガーデン,1
グランドヒルズ三軒茶屋ヒルトップガーデン,1
グランドメゾン成城,1
グランドヒルズ成城,1
シティハウス世田谷代田,1
日神デュオステージ笹塚西館,1
マイキャッスル渋谷ＪＰ,1
ハイ・シティ表参道,1
メゾンド・タンブール,1
メゾンド・タンブール,1
東北沢コーポラス,1
日神デュオステージ笹塚西館,1
ヴェラハイツ道玄坂,1
メインステージ初台,1
笹塚ダイヤモンドマンション,1
ライオンズシティ渋谷本町,1
幡ケ谷ハウス,1
ガリシア代々木,1
ハイツ第２参宮橋,1
ニュー恵比寿台ハイツ,1
代々木ロイヤルマンション,1
ドレッセ代官山,1
ガーラ・プレシャス渋谷六本木通り,1
パークタワー渋谷本町,1
プラウド恵比寿ディアージュ,1
グランヴェール代々木西原,1
パークコート渋谷大山町ザプラネ翠邸,1
スカーラ代官山,1
センチュリーフォレストＢ棟,1
南平台セントラルハイツ,1
ファミールグラン代々木西原デクスターハウス,1
渋谷アインス,1
ＴＨＥ,1
ＣＯＮＯＥ,1
代官山,1
サンウッド松濤,1
ブリスベージュ神宮前,1
シティハウス神宮北参道,1
広尾ガーデンヒルズウエストヒルＪ棟,1
広尾ガーデンヒルズ,1
イトーピア広尾ヒルズクローチェ,1
ザ・サンメゾン神宮前四丁目エルド,1
グランツオーベル南平台,1
代官山アドレス,1
ザ・タワー,0
プラウド神山町,1
グランツオーベル南平台,1
ジェントルエア神宮前,1
Ｂｒｉｌｌｉａ代官山プレステージ,1
ブリリア代官山プレステージ,1
グランツオーベル南平台,1
ナイスアーバン新中野,1
フォーウィルズコート中野坂上,1
イニシアイオ東中野,1
イニシアイオ東中野,1
サンコート西荻窪,1
ユースフル西荻窪,1
朝日阿佐ヶ谷プラザ,1
ライオンズマンション西荻窪第３,1
トップ阿佐谷,1
メゾン・ド・サフィール,1
三田中野富士見コーポ,1
東雲マンション,1
善福寺城和ハイツ,1
パレ・ホームズ高井戸,1
荻窪三丁目シティハウス,1
ニュー阿佐ヶ谷マンション,1
荻窪スカイハイツ,1
ハイライフ阿佐ヶ谷,1
エスポワール西荻窪,1
プレール・ドゥーク新中野２,1
キャッスル西荻,1
シティハイム善福寺,1
パーセル荻窪第２,1
エントピア第一荻窪,1
新高円寺マンション,1
上荻カーサビアンカ,1
ライオンズマンション高井戸,1
高井戸ハイデンス,1
高井戸ハイデンス,1
日商岩井方南町マンション,1
ライオンズマンション荻窪第８,1
ヴィークコート浜田山,1
ロイヤルアーク高円寺,1
プラウドシティ阿佐ヶ谷テラス,1
ロイヤルアーク高円寺,1
プレステージ浜田山ジヴェルニー,1
プレステージ浜田山ジヴェルニー,1
プラウド中野テラス,1
プラウドシティ阿佐ヶ谷テラス,1
サンテミリオン目白,1
ステージファースト目白,1
プレール・ドゥーク目白,1
リレント早稲田,1
サンハイツ池袋,1
ガラステージ目白台,1
ル・リオン池袋椎名町,1
パレドール池袋,1
ダイナシティ高田馬場,1
池袋マンションヒルハイム,1
タイガースビル,1
グレイス高田馬場,1
シティインデックス池袋,1
シティインデックス池袋,1
デュオ・スカーラ目白,1
シャローム大塚,1
ライオンズマンション上池袋第２,1
シャルムコート池袋ノースタワー,1
東池袋リリエンハイム,1
クオス目白ラ・プルーム,1
東京メガシティコンフォートタワー,1
シティタワー赤羽ステーションコート,1
ヴェレーナ王子,1
ジェムス東田端,1
ナイスアーバン田端与楽寺坂,1
アーリアシティ尾久,1
東京イーストレジデンス,1
ライオンズマンション西日暮里第５,1
クレストフォルム町屋,1
エクレールパークサイド町屋,1
ライオンズマンション町屋,1
イデェオ東京,1
メッツ町屋,1
ディアスタ日暮里,1
ディアスタ日暮里,1
アーデル三ノ輪サウスフォート,1
グリーンパーク東日暮里,1
日神パレステージ東日暮里,1
エムブランド東日暮里,1
日神パレステージ東日暮里,1
ガーデンホーム南千住ＥＸＰｌａｚａ,1
イニシア南千住,1
三田小茂根コーポ,1
ソフトタウン板橋区役所前,1
ライオンズマンション赤塚,1
若木住宅,1
パラストネオ板橋,1
２１オギサカ志村坂上,1
松原マンション,1
ダイアパレス新板橋,1
サンシティ,1
蓮根パーク・ホームズ,1
蓮根パークホームズ,1
マイキャッスル加賀エクセレントステージ,1
コンド向原,1
ゲオ・タワー池袋,1
シティテラス板橋蓮根,1
コスモ成増グランヒル,1
シティテラス板橋蓮根,1
グレーシア板橋,1
日神パレス桜台,1
グローリア初穂石神井公園,1
ミリオンコート富士見台,1
千川シティハウス,1
常盤台ガーデンソサエティ,1
常盤台ガーデンソサエティ,1
シティテラス成増,1
常盤台ガーデンソサエティ,1
シティハウス志村三丁目,1
イトーピア桜台マンション,1
パレ・ホームズ大泉学園,1
シャンティ武蔵関,1
パーソナルハイツ大泉学園,1
豊島園パークマンション,1
谷原ハイツ,1
ビバリーホームズ練馬高野台２,1
藤和氷川台コープ,1
セザール第二上石神井,1
プラウド練馬中村橋,1
クレストフォルム桜台サウスステージ,1
エヴェナール梅島,1
プラウドタワー練馬,1
プラウドタワー練馬,1
オーベル光が丘,1
練馬サマリヤマンション,1
豊島園ハイツ,1
ドメイン江古田,1
サンパレス練馬,1
光が丘パークタウンいちょう通り東,1
プレジデント中川,1
セザール第三竹ノ塚,1
グリーンパーク五反野,1
ＳＳＫグリーンパーク梅島駅前,1
レクセルマンション竹ノ塚第２,1
グリーンパーク花畑IX,1
ワコーレ綾瀬III,1
ベルシャトウ西新井,1
西新井スカイハイツ,1
ライオンズタワー竹の塚ガーデン,1
ライオンズタワー竹の塚ガーデン,1
レーベンリヴァーレグラセス,1
北千住第３ダイヤモンドマンション,1
コスモ西新井クレステイジ,1
コスモ北千住II,1
ライオンズマンション竹の塚元渕江公園第３,1
サンクタス西新井,1
ダイアパレス亀有III,1
メゾン平井,1
メゾン平井,1
ルネ北小岩,1
三昌北小岩ハイツ,1
ジュエル宇喜田エメラルドマンション,1
カーサ第一宇喜田,1
カーサ第二宇喜田,1
コスモ新小岩プレミール,1
ダイアパレス小岩,1
グリーンパーク新小岩,1
メイツ葛西第二,1
小松川グリーンハイツ１号棟,1
宇喜田住宅,1
フェアセーヌ葛西臨海公園,1
マインコーポ葛西,1
北小岩パーク・ホームズ,1
なぎさニュータウン,1
ライオンズマンション平井,1
リリー一之江,1
クレアトール船堀,1
クリオ新小岩壱番館,1
朝日パリオ瑞江,1
ダイアパレス篠崎ブリリアントコート,1
プレシャスコート中葛西,1
コスモ小岩エクセラ,1
エクアス葛西,1
サンシティ西葛西,1
プレシャスコート中葛西,1
レヴィール江戸川中央,1
アクラス,1
サンクレイドル暁町弐番館,1
サンクレイドル暁町弐番館,1
蓮生寺公園通り三番街,0
長池公園せせらぎ通り北,0
ルピナス八王子,1
カサーレ西八王子,1
パークフィールド八王子狭間,1
アーバンキャッスル多摩センターIIステージ,1
ダイアパレス八王子大和田,1
高尾スカイハイツ,1
サンクレイドル八王子ウィルフェール,1
セザール京王八王子,1
レールシティ八王子,1
南大沢学園六番街,0
アクシア八王子ピュアマークス,1
ガーデン富士森ヒルトップビュー,1
エフヴェール・ヒルズ・エアリーコート,1
エフヴェール・ヒルズ・エアリーコート,1
エフヴェール・ヒルズエアリーコート,1
フェアヒルズ南大沢,1
サザンスカイタワー八王子,1
アクシア八王子,1
アクシア八王子,1
プラウド八王子明神町,1
ベルコリーヌ南大沢５－６,1
南大沢レジデンス,1
レーベンリヴァーレ南大沢,1
レーヴステージ武蔵砂川,1
リーベスト立川錦町,1
ライオンズマンション三鷹第８,1
Ｄ’クラディア三鷹,1
吉祥寺シンフォニア,1
グランドメゾン三鷹アベニュー,1
ルネ三鷹エアリーコート,1
久我山ガーデンヒルズ,1
ルネ三鷹エアリーコート,1
ザ・パークハウス三鷹下連雀,1
グランスイート三鷹市下連雀,1
グランスイート三鷹下連雀,1
ハーモニーレジデンス府中の杜,1
車返団地１街区,1
車返団地,1
ドルチェＰａｒｃｏ東京府中,1
ドルチェＰａｒｃｏ東京府中,1
ドルチェ東京府中・弐番館,1
府中サンライズヒル,1
デュオヒルズ府中多摩川,1
リビオ武蔵野台ヴェールフィーネ,1
モリス府中中河原,1
メインステージ府中中河原駅前,1
メインステージ府中中河原駅前,1
サンデュエル府中グランスクエア,1
メイツ府中,1
ウィンドシティ東府中,1
ライオンズマンション府中白糸台,1
ライオンズマンション府中白糸台,1
サンクタスミュゼ府中,1
エフユニバース,1
ヒルズ・グランウェイヴ調布国領,1
ヒルズ・グランウェイヴ調布国領,1
アクシルコート調布国領,1
シティハウス仙川緑ヶ丘,1
パストラル成城,1
コープ野村緑山ヒルズ,1
シーアイハイツ町田,1
シーアイハイツ町田,1
日神デュオステージ町田,1
カーサイコー町田,1
シーアイハイツ町田Ｆ棟,1
ニュータウン小山田桜台,1
小山田桜台２丁目,1
鶴川６丁目団地,1
アルスつくし野デュープレックス,1
ライオンズヒルズ玉川学園,1
ハイホーム町田,1
アパガーデンパレス多摩境,1
グランセリーナ,1
マイキャッスル多摩境フィール,1
バームステージ町田中町,1
小金井中町マンション,1
武蔵小金井グリーンハイム,1
小金井第２コーポラス,1
フラッツ小金井,1
ガーデンセシア弐番館,1
ガーデンセシア,1
ソフィア町田タワーギャラリー,1
ライオンズガーデンシティ南町田,1
モラード東村山本町,1
ライオンズマンション国立第５,1
ビッグ武蔵野国分寺,1
セントヒルズ国立第２,1
けやき台分譲団地,1
けやき台団地,1
ハイネス国分寺ルミエール,1
けやき台団地,1
サンパレス国分寺,1
けやき台団地,1
パークハウス,1
ワンズタワー,1
センターパレス国立,1
イトーピア国立マンション,1
シティーコーポパルナス国立,1
富士ビューマンション,1
ＢＥＬＩＳＴＡ国分寺,1
国分寺ゼルクハウス,1
クレッセント国立,1
ブロードアベニュー国分寺,1
武蔵野レジデンス壱番街,1
狛江フラワーホーム,1
多摩川住宅ニ－７号棟,1
狛江第３コーポラス,1
レクセルマンション福生,1
レクセルプラッツァ福生弐番館,1
レクセルマンション福生第２,1
バームハイツ福生弐番舘,1
ブリリア狛江ファーム＆ガーデン,1
グランドメゾン狛江,1
ヒルズ狛江,1
エスティメール２１多摩,1
エスティメール２１多摩,1
ライオンズ多摩永山フォレストマークス,1
コスモフォーラム多摩,1
グランシティ多摩永山,1
ライオンズプラザ聖蹟桜ヶ丘,1
ベルザ多摩センター,1
ネオステージ羽村公園通り,1
若葉台ザ・レジデントパークス,1
若葉台ザ・レジデントパークス,1
ファインストーリアＡ棟,1
ライオンズマンション稲城,1
クレッセント稲城,1
ルイシャトレ稲城多摩川,1
長峰杜の四番街,1
サンクレイドル西東京ウインフォート,1
サンクレイドル西東京ウインフォート,1
グローリオ武蔵野中央公園,1
ウイングヒルズ田無南町,1
マイキャッスルひばりが丘弐番館,1
ウイングヒルズ田無南町,1
ウイングヒルズ田無南町,1
ライオンズマンション田無第２,1
ウッドパレス奥多摩,1
ＨＩＢＡＲＩ,1
ＴＯＷＥＲ,1
コスモひばりが丘ザ・ガーデンズフォートオーセントヒル,1
ライオンズシティ田無,1
ライオンズシティ田無,1
リーベスト田無,1
保谷マンション,1
保谷パークハウス,1
コトー田無,1
住友保谷ハウス,1
西原グリーンハイツ,1
グランドハイム保谷,1
田無パールマンション,1
センチュリー柳沢,1
田無永谷マンション,1
プロムナード多摩中央,1
日神パレス田無第２,1
ドルメンひばりが丘,1
ひばりが丘ハイツ,1
アトレ羽村グランブリエ,1
サンクレイドル羽村リヴィエール,1
サンクレイドル羽村リヴィエール,1
ダイアパレスグランデージ稲城,1
長峰杜の三番街第弐号棟,1
リベレ向陽台,1
多摩稲城マンション,1
ルネ稲城,1
ビューステージ向陽台,1
矢野口住宅,1
ライオンズヒルズ多摩永山弐番館,1
ライオンズ多摩永山マスターズフォレスト,1
ザ・スクエア,1
クロスウィル多摩センター,1
アルテヴィータ,1
スカール聖蹟桜ヶ丘,1
エスティメール２１多摩,1
グリーンメゾン貝取２,1
ダイアパレス聖蹟桜ヶ丘,1
ライオンズヴィアーレ多摩永山,1
サニークレスト聖蹟桜ヶ丘,1
エスティメール２１多摩,1
コスモ永山,1
コスモ永山,1
多摩ニュータウンエステート永山,1
グリーンコープ落合,1
ライオンズマンション多摩センター,1
東急ドエルアルス永山２,1
View,0
Room,0
南向き角部屋,0
ＬＤＫ25帖超,0
103.53平米のお部屋,0
Lions,1
hills百合丘,1
Maison,1
de,1
l’espoir,1
vous,1
fera,1
sourire,1
ステイツ武蔵野,1
東大和グランパサージュ,1
A,1
plus,1
de,1
points,1
de,1
la,1
maison,1
リストレジデンス藤が丘フィオーレスカイレジデンス,1
Entre,1
une,1
personne,1
et,1
une,1
maison,1
シーハイム金沢,1
Re,0
room,0
最上階のPrivate空間,0
スーパー２分,0
ルーフバルコニー,0
Lions,1
mansion百合丘,1
A,1
plus,1
de,1
points,1
de,1
la,1
maison,1
リストレジデンス藤が丘フィオーレスカイレジデンス,1
Grancity,1
Radiant,1
Tokyo,1
West,1
4LDK,0
100m,0
バルコニーから富士山を臨む,0
１棟まるごとリノベーション,0
パークヒルズ鷺沼,1
室内フルリノベーション済,0
更に今なら家具付き,0
先着順,0
みつけたＳumai,0
『上質なイゴコチ』,0
Tomihisa,1
Cross,1
Comfort,0
Tower,0
35F,0
A,1
plus,1
de,1
points,1
de,1
la,1
maison,1
ライオンズマンション横浜港南ホワイトヒルズ,1
Re,0
room×180°Panorama,0
View,0
魅力の街,0
海老名,0
を見渡せる部屋,0
セザールグラン海老名,1
A,1
plus,1
de,1
points,1
de,1
la,1
maison,1
港北ニュータウンパークサイドハイツ四番館,1
Grande,1
apartamento,1
de,1
renovaｃao,1
Wakabadai,1
A,1
plus,1
de,1
points,1
de,1
la,1
maison,1
クリオ磯子弐番館,1
リリファ八王子北野,1
1棟丸ごとリノベーションマンション,0
3タイプのモデルルーム公開中,0
先着順申込受付中,0
Re,0
room,0
駅チカ８分,0
SAGMIONO×MACHIDA,0
ワンちゃん可,0
グレイス相模大野ネオステージ,1
Re,0
room,0
ラクラク子育てシリーズ,0
女性Planner設計の女性に優しい家,0
新ゆりGreentown,1
ACCESS長津田駅,1
Renovation,0
Mansion,0
ペットと暮らそう,0
セトルコート長津田,1
B`s,1
TOWER,1
HASHIMOTO,1
駅2分×12Ｆ,0
ペット可,0
南向き,0
空室,0
先着順,0
見学開始,0
Grancity,1
Tama,1
Nagayama,1
リヴィエール,1
角部屋,0
ウッドデッキ,0
ルーフバルコニー,0
A,1
plus,1
de,1
points,1
de,1
la,1
maison,1
横浜星の丘ビューシティB棟レグルスルーフ,1
A,1
plus,1
de,1
points,1
de,1
la,1
maison,1
グレーシアパーク山手台,1
EAST壱番館,1
A,1
plus,1
de,1
points,1
de,1
la,1
maison,1
グラン・エステ川崎ツインタワー弐番館,1
A,1
plus,1
de,1
points,1
de,1
la,1
maison,1
セルアージュ横濱関内エリーゼ,1
A,1
plus,1
de,1
points,1
de,1
la,1
maison,1
港北ニュータウンパークサイドハイツ四番館,1
A,1
plus,1
de,1
points,1
de,1
la,1
maison,1
横浜星の丘ビューシティB棟レグルスルーフ,1
最上階,0
新規リニューアル,0
DIA,1
PALACE,1
GRAND,1
GROBE,1
FUNABORI,1
NISSHIN,1
PALACESTAGE,1
KITAAYASE,1
北綾瀬駅徒歩７分,0
新規リフォーム済物件,0
Ｐrofessional,0
Ｒeform,0
驚くほどの広さのＬＤＫ約25.4帖,0
コスモ相模原スカイエッセ,1
A,1
plus,1
de,1
points,1
de,1
la,1
maison,1
レイディアントシティ本郷台,1
Dia,1
Palace,1
Tachikawa,1
立川駅徒歩5分,0
19階角部屋,0
LUXURY,0
LIFE～,0
THE,1
ROPPONGI,1
TOKYO,1
CLUB,1
RESIDENCE,1
リフォーム完了,0
内覧可能,0
A,1
plus,1
de,1
points,1
de,1
la,1
maison,1
ニューシティ本郷台パークヒルズB棟,1
A,1
plus,1
de,1
points,1
de,1
la,1
maison,1
ライオンズマンション鶴ヶ峰ガーデン,1
Dia,1
Palace,1
Tachikawa,1
立川駅徒歩5分,0
19階角部屋,0
LUXURY,0
LIFE,0
Re,0
room,0
専属プランナーが贈るこだわりのリフォーム,0
内覧会開催,0
Ｌibertytown伊勢原,1
A,1
plus,1
de,1
points,1
de,1
la,1
maison,1
ライオンズマンション横浜港南ホワイトヒルズ,1
"A""",1
plus,1
de,1
points,1
de,1
la,1
maison,1
コットンハーバータワーズシ―ウエスト,1
"A""",1
plus,1
de,1
points,1
de,1
la,1
maison,1
グレーシアパーク山手台EAST弐番館,1
A,1
plus,1
de,1
points,1
de,1
la,1
maison,1
グラン・エステ川崎ツインタワー弐番館,1
ヒルトップ横濱根岸セントラルコート,1
クオス鴨居IIレジデンシャルステージ,1
コットンハーバータワーズベイウエスト,1
LIONS,1
MANSION,1
KOIWA,1
"第二７６．９３m""",0
リノベーション,0
家具付,0
ライオンズマンション横浜港南ホワイトヒルズ,1
新着物件,0
狛江ハイタウン４号棟,1
ペット可,0
専用庭付3LDK,0
リノベ,0
Orarion,1
Sight,1
一番館,1
橋本駅８分,0
共用施設充実,0
大規模ペット可MS,0
空室で見学開始,0
A,1
plus,1
de,1
points,1
de,1
la,1
maison,1
エンゼルハイムリバーサイド鶴見本町通,1
"『 クレッセント鶴見デュオ 』""",1
"ナイスガーデンステージ鶴見中央""",1
エンゼルハイムリバーサイド鶴見本町通,1
赤坂タワーレジデンス,1
Top,1
of,1
the,1
Hill,1
104,1
８７mの大型２ＬＤＫ,0
南東角住戸～,0
東急リバブル,1
最終６戸,0
東急東横線急行停車駅「綱島」駅徒歩１０分,0
７５ｍ２・３９８０万円より,0
ライフレビュー横濱関内スクエアII,1
フドウ東陽町ハイツ,1
大規模修繕工事中,0
オートロック完備,0
南向き,0
日当,0
眺望良好,0
クリオ元浅草,1
"都営大江戸線「新御徒町」駅徒歩５分""",0
角部屋,0
新規内装リ,0
THE,1
ROPPONGI,1
TOKYO,1
CLUB,1
RESIDENCE,1
ザ六本木東京クラブレジデンス),1
ファミール逗子シーサイドヒルズ,1
フドウ東陽町ハイツ,1
大規模修繕工事中,0
オートロック完備,0
南向き,0
日当,0
眺望良好,0
大幅価格変更,0
ACCESS海老名,0
ららぽーとまで徒歩1分,0
3LDK,0
JIO既存住宅かし保険付,0
小石川ザ・レジデンスイーストスクエア,1
ペット可,0
平成17年築,0
無垢材リノベ,0
本日、ご案内出来ます,0
リフォーム,0
角部屋,0
ローン相談会開催,0
Ｓoreardhomes立川,1
10/1イメージパース追加,0
洋光台南第一団地4-31号棟,1
66.09平米,0
中型タイプ2LDK,0
JR磯子駅徒歩４分,0
63平米の2SLDK,0
H24年2月内装一部リフォーム済,0
ジュウェル磯子,1
グランシティ港北センター南Ⅱ,1
駅チカ３分,0
Ｐrofessional,0
Ｒenovation,0
即入居可,0
コートプラザ小田急相模原,1
Rexel,1
Garden南林間,1
９８平米の大型３ＳＬＤＫ,0
広々ルーフバルコニーで眺望を愉しむ,0
ペット可４ＬＤＫ,0
84.97平米,0
7階で眺望,0
Kidsスペース有り,0
エステスクエアさがみ野,1
新着物件,0
中野新橋ハイム,1
角部屋,0
「中野新橋」駅2分,0
新規リノベ♪,0
新着物件,0
狛江ハイタウン2号棟,1
ペット可,0
管理人常駐,0
リノベ＆家具付,0
新着物件,0
東海狛江マンション,1
ルーフバルコニー23平米,0
東南角部屋,0
Reform-style,0
生まれ変わったリフォーム住宅で新たな生活を,0
ブライトコート国立,1
本日、ご案内出来ます,0
リフォーム済,0
ペット可,0
家具付,0
フラット３５,0
parkside立川,1
LDK１８帖,0
WIC付き,0
リビングから広がるパノラマビュー,0
上大岡ガーデニア弐番館,1
秀和弥生町レジデンス,1
「根津」駅徒歩５分,0
専用庭付き,0
谷根千エリア,1
リノベ,0
Reform-style,0
生まれ変わったリフォーム住宅で新たな生活を,0
ブライトコート国立,1
初公開,0
ご内覧会開催,0
空室,0
THE,1
TOKYO,1
TOWERS,1
SEA,1
TOWER,1
最上階,0
小石川ザ・レジデンスイーストスクエア,1
ペット可,0
平成17年築,0
無垢材リノベ,0
鷺沼パーク・ホームズサウスコート,1
錦糸町駅徒歩７分,0
デュオリスタ錦糸町,1
１ＬＤＫ3300万円台,0
２ＬＤＫ3600万円台,0
先着順,0
Maison,1
de,1
l’espoir,1
vous,1
fera,1
sourire,1
京王多摩川コーポラス,1
駅徒歩４分,0
最上階,0
東南角部屋,0
通勤,0
通学,0
お買物便利なリノベMS,0
Lions,1
plaza鶴間,1
THE,1
KOSUGI,1
TOWER,1
Maison,1
de,1
l’espoir,1
vous,1
fera,1
sourire,1
パークホームズ久米川,1
新着物件,0
クレストフォルム町屋,1
ペット飼育可,0
角部屋,0
新耐震基準,0
イーストパークス大島ノーザンスクエア,1
13階の三方角部屋,0
ペット可,0
駅２分,0
ライオンズマンション井荻,1
約10帖の専用庭付,0
外観タイル貼り,0
大規模修繕工事,0
本日、ご案内出来ます,0
リフォーム,0
角部屋,0
ローン相談会開催,0
Ｓoreardhomes立川,1
Maison,1
de,1
l’espoir,1
vous,1
fera,1
sourire,1
ヴァンドミール八王子,1
ライオンズマンション豊島園第３,1
オートロック,0
安心の新耐震基準,0
目の前区立運,0
たまプラーザスカイマンション東館,1
本日、ご案内出来ます,0
リフォーム済,0
ペット可,0
家具付,0
フラット３５,0
parkside立川,1
秀和弥生町レジデンス,1
「根津」駅徒歩５分,0
専用庭付き,0
谷根千エリア,1
リノベ,0
新着物件,0
小石川コーポビアネーズ,1
角部屋,0
駅5分,0
新規リノベ物件,0
新着物件,0
窪田光建ハイム湯島,1
三方角部屋,0
二面バルコニー,0
駅２分♪,0
鷺沼パーク・ホームズサウスコート,1
エンゼルハイム軽井沢,1
駅３分,0
Renovation,0
Mantion,0
ららぽーとのある佇まい,0
家具付き,0
三方角部屋,0
クオス鴨居Ⅱレジデンシャルステージ,1
アーバンコンフォート横浜和田町,1
南向き94.49平米,0
H28年3月新規内装リフォーム実施済み,0
ファミールグラン山手不動坂,1
ACCESS長津田,0
プリマシティ・クリアコート,1
専有面積80.88平米,0
3LDK＋2WIC,0
新着物件,0
ボヌール目白台,1
平成8年築,0
オートロック有,0
リノベ済,0
新着物件,0
ヤマモマンション,1
最上階,0
三方角部屋,0
新規リフォーム♪,0
新着物件,0
モデルノトッレ松濤,1
ペットOK,0
ホテルライクな高級レジデンス,0
11/3イメージCGパース追加,0
洋光台南第二団地6-13号棟,1
1階角部屋,0
リフォーム履歴あり,0
リリエンハイム,1
南側ワイドスパンの大型３LDK,0
LDK19.6帖,0
憧れのアイランドキッチン♪,0
駅チカ3分,0
ACCESS海老名,1
ららぽーとまで徒歩1分,0
3LDK,0
JIO既存住宅かし保険付,0
新着物件,0
グランシティ本所錦糸町,1
3方角部屋,0
平成13年築「押上」駅4分,0
新着物件,0
レジェンド浅草,1
7階の角部屋,0
新耐震,0
リフォーム済み♪,0
新着物件,0
マンション目黒苑,0
権之助坂至近の住居,0
目黒駅５分リノベ,0
コンシェリア西新宿タワーズウエスト,1
CONCIERIA,1
西新宿,1
TOWER'S,1
WEST,1
ヒルズ武蔵小杉グランアクシス,1
フォレシアムブライトハウスB棟,1
シンシア三軒茶屋レジデンスカフェ,1
三茶２分,0
新耐震の角部屋ペット可リノベ,0
アーバンコンフォート横浜和田町,1
ライオンズマンション三鷹駅前通り,1
三鷹駅５分,0
最上階東南角部屋で日当たり,0
イトーピア吉祥寺マンション,1
人気の吉祥寺エリア,0
オシャレなリノベーション済,0
西戸山タワーホウムズセントラルタワー,1
新耐震,0
山手線「新大久保」駅徒歩６分,0
キャピタルプラザ大久保,1
大久保,0
駅より徒歩２分,0
新耐震基準でフラット利用,0
ナイスガーデンステージ鶴見中央,1
ドマーニ両国,1
Domani,1
RYOGOKU,1
「両国」徒歩６分,0
スーパー至近で生活環境良好,0
ペットと暮らす１階リノベルーム販売開始,0
住友林業の,0
1棟まるごと,0
リノベ,0
フォレスティア一之江,1
12/19,0
新・価・格,0
センチュリー立川,1
月々86，968円,0
ボーナス0円,0
で購入可能です,0
安心の24時間常駐管理のハイグレードマンション,0
RAIFU,1
PURAZA,1
FUNABORI,1
アデニウム押上アーバンイースト,1
犬・猫２匹まで飼育可,0
東南角部屋,0
築４年,0
Professional,0
Renovation,0
９１平米,0
マークスプリングス・メゾンB,1
ニューライフ狛江,1
７０平米バルコニーから富士山や花火が見える,0
耐震補強実施,0
H19年8月築,0
76．66平米の2LDK,0
サービスルーム,0
南西角部屋,0
グローリオ横浜根岸,1
新着物件,0
コープ第一駒場,1
渋谷駅徒歩圏,0
7階東南向き,0
リノベ済み,0
新着,0
狛江第２コーポラス,1
住環境良好,0
総戸数１５７戸,0
すぐに見れます♪,0
グランノア和泉多摩川ウエストスクエア,1
平成17年築,0
３階部分の南向き住戸,0
新着物件,0
ワコーレ狛江ガーデン,1
ペット２匹まで飼育可能,0
新耐震,0
新着物件,0
豊栄狛江マンション,1
内装リノベ,0
ペット（猫のみ）可,0
リベレ向陽台,1
稲城駅,0
3階,0
4LDK,0
新規内装済み中古マンション,0
2680万円→2590万円,0
プロムナード仲町台２号棟,1
ＴＲＵＳＴ－ＲＥＮＯ,0
9/17.18.19,0
オープンルーム開催,0
Re,0
room,0
女性に嬉しいお部屋,0
女性プランナー設計,0
ペット可,0
新ゆりGreentown,1
多摩川を望む,0
全384戸,0
子育て良好,0
免震タワー,0
商業都市,0
「川崎」の利便性を備える,0
OberGrandio,1
スーパー隣接,0
ペット可,0
リフォーム済,0
バルコニーから緑を愉しむ,0
１Ｆだから下を気にしない,0
広いお庭とテラスで優雅な暮らし,0
Rexelgarden南林間,1
新着物件,0
向島ダイヤマンション,1
大規模修繕済,0
最上階南西角部屋,0
新着物件,0
豊栄狛江マンション,1
ペット（猫のみ）飼育可,0
3ＬＤＫ,0
新着物件,0
狛江第二コーポラス,1
南向き住戸・カウンターキッチン,0
Re,0
room,0
女性スタッフだから叶えられる優しい家づくり,0
ライオンズマンション三ツ境第3,1
グランベリーモール徒歩圏,1
マークスプリングス・メゾンＢ,1
専有面積86.86平米,0
3LDK,0
新着物件,0
興栄マンションむさしの,1
中央線「武蔵野」駅３分南向き,0
リノベ,0
PRESIS,1
TOKYO,1
HATCHOBORI,1
Park,1
Front,1
Residence,1
リノベ後,0
引渡し,0
駅徒歩３分,0
ペット同居可,0
第５桜台ファミリーマンション,1
グリーンコーポ駒形,1
浅草線「本所吾妻橋」駅徒歩３分,0
日当り良好,0
家具付き,0
大森パークホームズベイサイドコート,1
ペット可,0
オートロック完備,0
眺望良好,0
マイキャッスル加賀エクセレントステージ,1
平成１５年築,0
ペット飼育,0
新耐震,0
セブンスターマンション第５五反田,1
目黒線不動前も10分,0
オートロック完備,0
オープンレジデンス中野新橋,1
最上階(3階),0
平成25年築,0
60m-2LDK,0
室内綺麗です,0
BRAND,0
NEW,0
Renovation,0
Mansion,0
ドメス向ヶ丘遊園ジャルディーノ,1
Re,0
room,0
女性に嬉しいお部屋,0
女性プランナー設計,0
ペット可,0
新ゆりGreentown,1
リノベ後,0
引渡し,0
駅徒歩３分,0
ペット同居可,0
第５桜台ファミリーマンション,1
エス・バイ・エルマンション御殿山,1
事務所利用可,0
ペット可,0
平成12年築♪,0
エバラグランドマンション,1
「戸越銀座」駅徒歩２分,0
ペット可,0
ＷＩＣ２つ有,0
W,1
Comfort,1
Towers,1
West,1
45階ペントハウス,0
南東向き,0
角住戸,0
駅チカ７分,0
Ｐrofessional,0
Ｒeform×自慢のパノラマビュー,0
メゾン鹿島台,1
グランドパレス田町,1
山手線駅徒歩９分,0
夜間オートロック,0
大規模マンション,0
南向き94.49m,0
H28年3月新規内装リフォーム実施済み,0
ファミールグラン山手不動坂,1
Ｈ28年2月内装リノベーション済,0
約40mのルーフバルコニー付,0
ピュアシティ横浜II,1
ワールドシティタワーズ,1
キャピタルタワー,1
19階の3LDK,0
リノベ済,0
原宿ニュースカイハイツアネックス,1
おしゃれな街のおしゃれなリフォーム,0
クレストフォルム本所吾妻橋,1
スカイツリービュー・ペット可,0
築浅,0
リノベ,0
アーバンヒルズ芦花公園,1
オートロック完備,0
専用庭付き,0
平成築,0
リノベ,0
レヴィーガときわ台,1
平成２０年築,0
オートロック,0
駅徒歩２分デザイナーズ,0
ライオンズマンション大山第5,1
新耐震基準,0
南向き,0
駅4分,0
リフォーム♪,0
12/12新・価・格,0
サンモール立川,1
月々68，911円、ボーナス0円,0
で購入可能です,0
文京区Life,0
後楽園駅利用のフルリノベーション,0
日当り通風・環境良好,0
フラット35Ｓ可,0
杉並Life,1
京王線「桜上水駅」より5分の3階南向,0
家具・エアコン付リノベーション住宅,0
More,1
stage,1
海老名,1
駅徒歩３分,0
公園隣接,0
利便性と住環境の両立,0
見学会開催,0
TOKYO,1
SOCIO,1
GRANDE,1
四季の変化と彩りを添えたハイグレードマンション,0
12/26,0
新価格,0
ルネサンスフォルム田無,1
最上階・角部屋,0
43m超のルーフバルコニー,0
INITIA,1
Higashi,1
Kasai,1
Fine,1
Residence,1
GRAND,1
BERRY,1
MALL近接で休日も楽しく,0
南町田駅８分,0
南向き～サーパス南町田,0
10/21価格変更,0
最上階の9階で2駅2路線利用できる,0
リノベーションマンションです,0
GSハイム都立大,1
ルーフバルコニー付の三方角部屋です,0
オートロック完備,0
イーストコモンズ清澄白河フロントタワー,1
タワーレジデンス２０階,1
駅５分,0
代々木ロイヤルマンション,0
駅4分,0
ルーフバルコニー,0
最上階三方角部屋♪,0
Ｄ’グランセ世田谷テヴィエ,1
ペット２匹までOK,0
最上階,0
ウッドデッキ,0
ゆとりのLDK約22.9帖,0
二面バルコニーの角部屋１SLDK,0
ミオカステーロ横濱関内,1
ご成約特典,0
リノベーション済,0
67.76m,0
3ＬＤＫ,0
レインボー石神井公園マンション,1
RE住むRENOVATION×カリフォルニア工務店,1
セザール篠崎,1
いつでも内覧可能,0
フローレンスパレス上大岡,1
上大岡駅徒歩5分,0
LDK19帖対面キッチン,0
ペット飼育可,0
新着物件,0
上高原ハイツ,1
南向き専用庭付き,0
フラット３５S対応,0
アルカサル清瀬,1
駅歩２分,0
専有面積105.02平米,0
４LDK,0
メゾネット,1
リフォーム済,0
新着物件,0
狛江ハイタウン,1
３号棟,0
ペット可,0
南西向,0
日当良好,0
H22年2月築,0
奥行最大2ｍの南西バルコニー,0
前面棟無・日照良好,0
ヴェレーナ横浜磯子,1
２面バルコニー,0
日照通風良好,0
H23年9月フルリフォーム済,0
磯子丸山台ハイツ,1
4号棟,0
始発有,0
ＪＲ根岸線「磯子」駅徒歩1分,0
1Fスーパー・2F横浜銀行,0
トワイシア横濱磯子,1
JR磯子駅徒歩8分,0
京急屏風浦駅徒歩6分,0
Ｈ28年1月内装リフォーム済,0
ヴェルデ磯子,1
12000平米の敷地と住込み管理で安心の子育て,0
専用庭付,0
お支払いは月々5万6000円から,0
橋本駅徒歩５分,0
Issin,1
BLD,1
一新ビル,1
最上階角部屋,0
南向き,0
陽当たり良好☆,0
Re,0
room,0
女性目線のやさしい家つくりから生まれた佇まい,0
専有面積90.96平米,0
Gardenn＆Terrce,0
ペットOK,0
3駅利用可能,0
マイキャッスル稲田堤七番館,1
ライオンズヴィアーレ稲城矢野口,1
４ＬＤＫ,0
角部屋,0
ルーフバルコニー,0
36.12平米,0
140.143平米大型中古マンション,0
稲城市,0
稲城駅,0
ビューステージ向陽台,1
2780万円,0
西東京Life,0
「保谷駅」徒歩11分,0
豪華家具付・適合リノベーション住宅,0
南西バルコニー,0
新着物件,0
京王柴崎コーポラス,1
ペット飼育可・3面採光の角部屋,0
2/4ミック洋光台店から物件でました,0
洋光台南第二団地6-21号棟,1
前面棟なしの開放感,0
Ｈ28年2月内装リノベーション済,0
約40平米のルーフバルコニー付,0
ピュアシティ横浜Ⅱ,1
ゆとりのLDK約22.9帖,0
二面バルコニーの角部屋１SLDK,0
ミオカステーロ横濱関内,1
駅歩13分,0
テラス専用庭約48平米,0
ペット可,0
敷地内Ｐ有,0
レックス本郷台グレシアスコート,1
未公開物件初公開,0
D,1
レスティア金沢八景アクオ,1
100万円プレゼントキャンペーン開催,0
月々６万円,0
リノベーションマンション,0
ペット２匹,0
同居可,0
角部屋,0
ルミネ鴨居,0
最上階,0
100％完備の駐車場,0
2匹のペットと共に住まう,0
クレストフォルム本郷台,1
３ＬＤＫ,0
70.68平米,0
新ゆりグリーンタウン,1
More,1
stage,1
海老名,1
駅徒歩３分×公園隣接,0
利便性と住環境の両立,0
見学会開催,0
DEUX,1
TOURS,1
ドゥ・トゥール,1
平成27年築,0
築後未入居の免震タワーレジデンス～,0
駅徒歩2分,0
プラウドタワー千代田富士見,1
90.18m2,0
3LDK+2S+WIC,0
新着物件,0
クリオ元浅草,1
「新御徒町」駅徒歩５分,0
ペット可,0
角部屋,0
新規内装リ,0
文京区Life,0
後楽園駅利用のフルリノベーション,0
日当り通風・環境良好,0
フラット35Ｓ可,0
新着物件,0
ミタカローヤルマンション,1
駅7分,0
角部屋,0
リノベ,0
リフォーム完成,0
オープンルーム開催,0
T-puente,1
ティープエンテ,1
12階角住戸,0
新着物件,0
ＴＨＥパームス月島ルナガーデン,1
駅徒歩５分,0
築４年,0
PRESIS,1
TOKYO,1
HATCHOBORI,1
Park,1
Front,1
Residence,1
THEパームス月島ルナガーデン,1
月島駅徒歩５分,0
ペット飼育可,0
フラット３５S対応,0
ルーフバルコニー＆ウッドデッキのある住まい,0
専有面積124.77平米,0
最上階三方角部屋,0
ルーフバルコニー＆ウッドデッキのある住まい,0
専有面積124.77平米,0
最上階三方角部屋,0
Renovation,0
エスタテラ湘南台マウンテンコート,1
６１９戸のビッグコミュニティー,0
若葉台,0
４ＬＤＫ89.6平米,0
ペット可,0
３方角,0
リフォーム済み,0
若葉台パークヒルズ,1
グランドパーク京王よみうりランド,1
最上階・南東向き,0
43.40平米のルーフバルコニー付,0
新着物件,0
グランシティ喜多見,0
ペット可,0
専用使用権駐車場付,0
Re,0
room,0
After保証付リノベ,0
ペット可,0
日当たり,0
藤和シティコープ相模が丘,1
価格変更,0
ベルドゥムール海老名弐番館,1
平成13年築×3LDK,0
ペットと暮らせる佇まい,0
ららぽOPEN予定の海老名まで徒歩9分,0
リフォーム済マンション,0
チサンマンション海老名,1
駅近７分・東南角部屋,0
４LDK,0
専有面積113.14平米,0
LDKゆとりの28.4帖付,0
価格変更,0
ACCESS長津田駅１０分,0
素敵な家具をプレゼント,0
セトルコート長津田,1
三方向角住戸４LDK,0
サングレイス長津田３階,1
約13.7帖スカイバル,0
長津田駅歩10分,0
戸建のように広々,0
約18帖LDK明るく開放的な角部屋です,0
ローレルスクエア港南台,1
根岸森林公園ダイヤモンドマンション,1
TRUST-RENO,1
優雅で心地よい上質空間を,0
JR根岸駅徒歩４分,0
H２７年１２月中旬新規内装リフォーム完成予定,0
ブライト横濱根岸,1
JR根岸駅徒歩２分,0
H２８年２月下旬リフォーム完成予定,0
根岸ダイヤモンドマンション,1
H27年9月新規内装リフォーム済み,0
80平米超の３LDK,0
磯子丸山台ハイツ,1
１号棟,0
ミック三春情報センター磯子駅前店,1
グリーンステージ磯子の丘,1
リフォーム済物件,0
ニトリ・ヤマダ電機・そうてつローゼンまで約300ｍ,0
リブゼ横浜トゥインクルガーデン,1
JR根岸駅徒歩2分,0
眺望良好な10階部分,0
ペット飼育可,0
根岸ダイヤモンドマンション,1
Renovation,0
ワンちゃんと暮らせるＭＳ,0
素敵な家具付,0
長津田ガーデンハウス,1
予約制、内覧会開催,0
リフォーム済,0
ペット可,0
最上階,0
角部屋,0
Beljour国立西,1
新着物件,0
武蔵野ベルハイツ三鷹,1
上連雀アドレス,0
ＬＤＫ約１２帖,0
リノベ,0
THEパームス月島ルナガーデン,1
月島駅徒歩５分,0
ペット飼育可,0
フラット３５S対応,0
ライオンズマンショングリーン白金,1
最上階の南向き,0
広尾駅も利用可能,0
西麻布アネックス,1
事務所可,0
西麻布アドレス,0
部屋位置2階,0
リノベ済,0
月々４万円台のローンで新百合ヶ丘に住む,0
３ＬＤＫ,0
70.68m,0
新ゆりグリーンタウン,1
南バルコニーからの日差しが嬉しい2LDKリノベーションマンション,0
マック千歳烏山コート,1
Re,0
room駅チカ６分,0
青い空から太陽の恵みを感じる佇まい,0
藤和シティホームズ南林間,1
Renovation,0
エスタテラ湘南台マウンテンコート,1
６１９戸のビッグコミュニティー,0
キャニオンマンション第１０高島平,1
新耐震,0
最上階,0
ルーフバルコニー付,0
コーラルハイツ蓮根ll,1
リノベ済、防音室付最上階角,0
住宅履歴,0
24H駆けつけサービス付,0
本日、ご案内出来ます,0
リフォーム済,0
ペット可,0
最上階,0
ＷＩＣ付,0
Ｓハイム立川ＳＣ,1
豊島Life,0
千川駅徒歩5分,0
天空風呂からの圧巻な眺めと,0
約33帖のＬＤＫが魅力の邸宅,0
パシフィック松濤マンション,1
トランクルーム付,0
三井建設施工,0
リノベ済,0
ライオンズマンション渋谷道玄坂,1
ペット可,0
平成11年築,0
リノベ済,0
シーアイマンション桜上水,1
新規内装リノベーション,0
南向き,0
日当り良好,0
Re,0
room,0
海老名9分,0
住まうこととデザインを融合させた渾身の空間設計,0
チサンＭＳ,1
Garden＆Terrce,0
ペットOK,0
3駅利用可能,0
マイキャッスル稲田堤七番館,1
朝日プラザ東向島,1
２路線４駅利用可能の好立地,0
専有面積60m2以上,0
リフォーム済,0
SUN,1
ＧＲＡＣＥ,1
ＨＩＲＡＩ,1
専有面積１０８．４８m,0
大型３ＬＤＫ,0
リノベーション,0
砧フラワーマンション,1
専用庭付き,0
家具付き,0
祖師ヶ谷大蔵駅徒歩10分,0
BEACON,1
Tower,1
Residence,1
今、最も注目の集まる江東区湾岸エリア,0
シティタワーズ豊洲ザ・ツイン,1
ノースタワー,1
ＬＤＫ22.4帖,0
３４階,0
セブンスター集成第一マンション,1
6階の角部屋,0
ペット可,0
駅徒歩５分♪,0
日神デュオステージ東向島,1
平成２０年築,0
ルーフバルコニー付,0
ペット可,0
123m超住戸のルーフバルコニー付角部屋住戸,0
駅まで歩1分です,0
ＬＤＫ26帖の贅沢空間,0
Re,0
room,0
女性目線のやさしい家つくりから生まれた佇まい,0
専有面積90.96m,0
弊社売主物件につきメリット多数,0
無料駐車場付き４ＬＤＫ,0
グランイーグルWing川崎II,1
東海狛江マンション,1
ルーフバルコニー23平米,0
2重サッシ,0
東南角部屋,0
日商岩井武蔵関マンション,1
バス停まで１分,0
吉祥寺にも行けちゃいます,0
ライオンズシティ池袋,1
新耐震基準,0
ローン減税対象,0
フラット３５利用可,0
価格変更,0
11/27リフォームイメージパース追加,0
グレイス洋光台,1
ひな壇日当たり良好,0
12/20,0
新・価・格,0
ソレアードホームズ立川,1
月々87，233円,0
で購入可能です,0
新着物件,0
シルバーマンション桔梗一番町,1
駅１分,0
三方角部屋,0
ハイシティ田園調布南,1
約10帖の専用庭,0
新耐震,0
リノベ済の3LDK,0
港北パークヒルズ壱番館,1
74.85平米,0
大型３ＬＤＫ,0
2面バルコニー,0
ペット2匹まで可,0
H27年9月中旬リフォーム完了予定,0
80平米超の３LDK,0
磯子丸山台ハイツ,1
１号棟,0
ミオカステーロ狛江アンバーコート,1
平成15年6月完成物件,0
専用庭面積,0
26.88平米,0
ライオンズマンション国領,0
南向き,0
専用庭：17.64平米,0
ペット飼育可,0
細則有り,0
ライオンズマンション相鉄いずみ野,1
13：00～16：30現地販売会開催,0
竹林の家,1
Brand,0
New,0
セザール多摩ガーデン,1
平成8年築,0
駅徒歩8分,0
新着物件,0
上野北ビューハイツ,1
駐車場所有権付き,0
新耐震,0
角部屋,0
平成26年8月末までにご成約頂いた方に5万円ギフト券プレゼント,0
詳細は弊社,0
ＨＰご覧く,0
ハイネス東青梅,1
JR『東青梅』駅徒歩9分,0
生活便利なGOODプライスマンション,0
三方向角住戸４LDK,0
サングレイス長津田３階,1
約13.7帖スカイバル,0
長津田駅歩10分,0
新築みたいにリノベ済,0
家族で過ごす17帖のリビング,0
フォレストヒルズ三保11号棟,1
根岸森林公園ダイヤモンドマンション,1
TRUST-RENO,1
優雅で心地よい上質空間を・・・,0
グランマーレ横浜八景島サウスコート,1
リノベーション,0
南向き陽当たりgood,0
ペットOK,0
新着物件,0
初台パークサイドハイツ,1
ワイドバルコニー,0
耐震補強工事実施済,0
朝日プラザ東向島,1
２路線４駅利用可能の好立地,0
専有面積60m2以上,0
リフォーム済,0
Re,0
room,0
カントリーテイスト,1
駅６分,0
ペット可,0
リノベＭＳ,0
ノア柿生ガーデン,1
パシフィック松濤マンション,1
トランクルーム付,0
三井建設施工,0
リノベ済,0
Re,0
room,0
海老名9分,0
住まうこととデザインを融合させた渾身の空間設計,0
チサンＭＳ,0
価格変更,0
ベルドゥムール海老名弐番館,1
平成13年築,0
3LDK,0
ペットと暮らせる佇まい,0
駅徒歩8分,0
平置き駐車場有,0
南向き,0
71平米超のゆとり,0
小田急相模原パークホームズ,1
東南角部屋,0
88.35平米,0
４ＬＤＫ,0
６Ｆで日当たり,0
眺望良好,0
サングレイス相武台,1
ACCESSエビナ,0
ららぽーと徒歩圏,1
キッズルーム付MS,0
アパガーデンコート海老名,1
海老名プラーザ,1
『厚木駅』徒歩5分,0
『海老名駅』徒歩18分,0
リノベーション済み,0
駅近７分,0
東南角部屋,0
４LDK,0
専有面積113.14平米,0
LDKゆとりの28.4帖付,0
Re,0
room駅チカ６分,0
青い空から太陽の恵みを感じる佇まい,0
藤和シティホームズ南林間,1
ドラゴンマンション立川壱番館,1
月々51，703円,0
立川エリアは西武開発立川店にお任せ♪,0
センチュリー立川,1
月々89，619円,0
立川エリアは信頼と実績の西武開発立川店にお任せ,0
サンクレイドル立川錦町弐番館,1
月々60，453円,0
立川エリアは西武開発立川店にお任せ♪,0
Re,0
room,0
女性スタッフだから叶えられる優しい家づくり,0
港南台めじろ団地47号棟,1
広さ120平米超,0
日神パレステージ本厚木グランビュー,1
4SLDK,0
12階・三方角部屋,0
Re,0
room,0
女性スタッフだから叶えられる優しい家づくり,0
野庭団地６２１-１号棟,1
ご成約特典,0
西新宿五丁目駅徒歩5分,0
角部屋,0
61..55平米2ＬＤＫ,0
デューク西新宿,1
角部屋につき陽当り良好,0
リノベーション完成,0
家具付き,0
港南台西パークホームズ,1
クレール洋光台テラスハウスライトウィング,1
解放感のある眺望,0
約11帖のルーフテラス付,0
Re,0
room,0
女性スタッフだから叶えられる優しい家づくり,0
野庭団地６２１-１号棟,1
ACCESS海老名,0
ペット可,0
温泉,0
アリーナ付,0
ルネ・エアズヒル,1
リフォーム後お渡し,0
海老名駅徒歩５分,0
専有面積１７１平米,0
大型６LDK,0
シーアンドシーハイツ海老名,1
価格変更,0
駅近３分,0
アーバンキャッスル相武台,1
平成16年築,0
ペットと暮らせる住まい,0
値下げしました,0
駅から徒歩2分,0
9階角部屋からの眺望も抜群です,0
LKステージ鶴巻温泉,1
ライオンズマンション浅草三社,1
駅5分,0
眺望良好な5階の東南向き住戸,0
新着物件,0
ドヌール浅草橋,1
ペット飼育可,0
3面開口の角部屋,0
ご成約特典,0
江戸川橋駅徒歩1分,0
46.72平米,0
2ＳＤＫ,0
朝日江戸川橋マンション,1
新着物件,0
白山サニーハイツ,1
最上階,0
南向き,0
駅徒歩４分,0
新着物件,0
ライオンズマンション小石川,1
ペット可,0
マルエツ至近・南向き角部屋,0
日神パレステージ武蔵砂川,1
月々55，680円,0
立川エリアは西武開発立川店にお任せ♪,0
新着物件,0
ミニカムマンション,1
「都立大学」駅徒歩４分,0
夜間オートロック有,0
パークホームズ目黒ザ・レジデンス,1
LDK20畳以上ゆとりある76平米,0
階下に住戸無し,0
ダイアパレス成増II,1
リノベーション,0
角部屋,0
家具付,0
対面キッチン,0
３路線２駅利用可,0
12月26日価格変更,0
インテリックスグループの保証付リノベーション物件,0
氷川台ハイム,1
港南台駅徒歩１分,0
Ｈ28年1月中旬リノベーション完了予定,0
港南台駅前プラザ５号棟,1
グレイスガーデン上大岡,1
即入居可,0
売主物件,0
リノベーション済,0
ペット可,0
練馬Life,0
アクトピア石神井公園,1
家具,0
エアコン付室内フルリノベーション,0
新耐震,0
プラティーヌディオ舎人,1
2230,0
おしゃれな空間を体感してください,0
当日内覧可能です,0
西荻窪スカイハイツ,1
駅徒歩３分,0
吉祥寺だって歩いて行けちゃいます♪,0
プライマリー門前仲町,1
ペット可,0
家具付販売,0
大規模修繕工事実施済み,0
クリオ中央林間,1
家族の一員ペット飼育可能です,0
2駅２路線利用可能,0
通勤、通学に便利,0
イニシアイオ目黒学芸大学II,1
内覧予約受付中,0
人気の東横線,0
目黒通り沿いのマンション,0
ライオンズマンション浅草三社,1
駅5分,0
眺望良好な5階の東南向き住戸,0
コンドミニアム上井草,1
3階東南角部屋,0
延床100平米超,0
リノベ済,0
塔の山ハイツ,0
２LDK,0
フルリノベーション,0
自己資金５０万円,0
月々９万円台で購入可能！,0
ワールドパレス武蔵小山II,1
2016年4月リフォーム,0
駅徒歩4分,0
9階部分3方角住戸,0
ミオカステーロ武蔵小山II,1
南東×南西向き角部屋,0
7階部分,0
お買い物に便利な武蔵小山,0
ご成約特典,0
新規内装済,0
「明大前」駅3分の好立地,0
明大前グランドハイツ906号室,1
杉並Life,0
プレステージ浜田山ジヴェルニー,1
駅徒歩5分の緑の囲まれた高級マンション,0
広さ120m超,0
日神パレステージ本厚木グランビュー,1
4SLDK,0
12階,0
三方角部屋,0
